Time,x,y,z,Ux,Uy,h
1,1,0,0,0.10001,-5.94E-06,0.01
1,1,0.05,0,0.099995,-9.97E-07,0.01
1,1,0.1,0,0.099967,8.86E-06,0.01
1,1,0.15,0,0.099916,2.52E-05,0.01
1,1,0.2,0,0.09982,5.37E-05,0.01
1,1,0.25,0,0.099662,9.09E-05,0.01
1,1,0.3,0,0.099441,0.00012641,0.01
1,1,0.35,0,0.099184,0.00014156,0.01
1,1,0.4,0,0.09895,0.00012205,0.01
1,1,0.45,0,0.098794,6.65E-05,0.01
1,1,0.5,0,0.09874,-1.44E-05,0.01
1,1,0.55,0,0.098794,-9.51E-05,0.01
1,1,0.6,0,0.09895,-0.00015076,0.01
1,1,0.65,0,0.099183,-0.0001704,0.01
1,1,0.7,0,0.099439,-0.00015475,0.01
1,1,0.75,0,0.099659,-0.00011826,0.01
1,1,0.8,0,0.099813,-7.93E-05,0.01
1,1,0.85,0,0.099904,-4.87E-05,0.01
1,1,0.9,0,0.09995,-2.72E-05,0.01
1,1,0.95,0,0.099967,-1.52E-05,0.01
1,1,1,0,0.099969,-1.21E-05,0.01
2,1,0,0,0.097117,-0.00016608,0.01
2,1,0.05,0,0.097508,-0.00031997,0.01
2,1,0.1,0,0.098585,-0.00061561,0.01
2,1,0.15,0,0.10001,-0.00080965,0.01
2,1,0.2,0,0.10126,-0.00078708,0.01
2,1,0.25,0,0.10194,-0.00055223,0.01
2,1,0.3,0,0.10199,-0.00023694,0.01
2,1,0.35,0,0.10163,4.82E-06,0.01
2,1,0.4,0,0.10122,0.00010621,0.01
2,1,0.45,0,0.10097,8.15E-05,0.01
2,1,0.5,0,0.1009,-2.66E-05,0.01
2,1,0.55,0,0.10097,-0.00013669,0.01
2,1,0.6,0,0.10121,-0.00016005,0.01
2,1,0.65,0,0.10161,-5.14E-05,0.01
2,1,0.7,0,0.10196,0.00019327,0.01
2,1,0.75,0,0.10191,0.00050688,0.01
2,1,0.8,0,0.10122,0.00074391,0.01
2,1,0.85,0,0.099957,0.00077074,0.01
2,1,0.9,0,0.098527,0.00058608,0.01
2,1,0.95,0,0.097438,0.0002943,0.01
2,1,1,0,0.097035,0.00013622,0.01
3,1,0,0,0.099992,-0.00017523,0.01
3,1,0.05,0,0.10024,-0.00024901,0.01
3,1,0.1,0,0.10071,-0.00026608,0.01
3,1,0.15,0,0.10096,-0.00010202,0.01
3,1,0.2,0,0.10076,9.63E-05,0.01
3,1,0.25,0,0.10019,0.0002093,0.01
3,1,0.3,0,0.099568,0.00016599,0.01
3,1,0.35,0,0.099207,1.29E-05,0.01
3,1,0.4,0,0.099137,-0.0001184,0.01
3,1,0.45,0,0.099231,-0.00013154,0.01
3,1,0.5,0,0.099305,-3.13E-05,0.01
3,1,0.55,0,0.099215,6.73E-05,0.01
3,1,0.6,0,0.099098,5.08E-05,0.01
3,1,0.65,0,0.099171,-7.87E-05,0.01
3,1,0.7,0,0.099532,-0.00022335,0.01
3,1,0.75,0,0.10014,-0.00026074,0.01
3,1,0.8,0,0.10069,-0.00014823,0.01
3,1,0.85,0,0.10088,5.04E-05,0.01
3,1,0.9,0,0.10063,0.00023003,0.01
3,1,0.95,0,0.10014,0.00021995,0.01
3,1,1,0,0.099887,0.00013946,0.01
4,1,0,0,0.10008,1.56E-05,0.01
4,1,0.05,0,0.10006,5.35E-05,0.01
4,1,0.1,0,0.099974,0.0001092,0.01
4,1,0.15,0,0.099842,0.00011704,0.01
4,1,0.2,0,0.099693,8.32E-05,0.01
4,1,0.25,0,0.099613,2.59E-05,0.01
4,1,0.3,0,0.099687,-5.41E-05,0.01
4,1,0.35,0,0.099924,-0.00013218,0.01
4,1,0.4,0,0.10027,-0.00016864,0.01
4,1,0.45,0,0.1006,-0.00013098,0.01
4,1,0.5,0,0.10074,-3.48E-05,0.01
4,1,0.55,0,0.10058,5.86E-05,0.01
4,1,0.6,0,0.10025,9.58E-05,0.01
4,1,0.65,0,0.099893,6.51E-05,0.01
4,1,0.7,0,0.09964,-9.37E-06,0.01
4,1,0.75,0,0.099551,-8.98E-05,0.01
4,1,0.8,0,0.09962,-0.00014352,0.01
4,1,0.85,0,0.099762,-0.00017035,0.01
4,1,0.9,0,0.099885,-0.00014573,0.01
4,1,0.95,0,0.099958,-8.70E-05,0.01
4,1,1,0,0.099979,-5.98E-05,0.01
5,1,0,0,0.098387,-5.37E-05,0.01
5,1,0.05,0,0.098448,-8.62E-05,0.01
5,1,0.1,0,0.098641,-0.00014915,0.01
5,1,0.15,0,0.098924,-0.00019461,0.01
5,1,0.2,0,0.099218,-0.00019919,0.01
5,1,0.25,0,0.099447,-0.00015282,0.01
5,1,0.3,0,0.09957,-9.18E-05,0.01
5,1,0.35,0,0.099581,-3.50E-05,0.01
5,1,0.4,0,0.099494,-1.14E-05,0.01
5,1,0.45,0,0.099398,-8.50E-06,0.01
5,1,0.5,0,0.099362,-4.06E-05,0.01
5,1,0.55,0,0.099386,-7.10E-05,0.01
5,1,0.6,0,0.099475,-6.69E-05,0.01
5,1,0.65,0,0.099552,-4.20E-05,0.01
5,1,0.7,0,0.099528,1.85E-05,0.01
5,1,0.75,0,0.099394,8.40E-05,0.01
5,1,0.8,0,0.099155,0.00013564,0.01
5,1,0.85,0,0.098851,0.00013466,0.01
5,1,0.9,0,0.098557,0.00011182,0.01
5,1,0.95,0,0.098346,5.74E-05,0.01
5,1,1,0,0.098269,1.14E-05,0.01
6,1,0,0,0.10068,1.17E-05,0.01
6,1,0.05,0,0.10063,3.80E-05,0.01
6,1,0.1,0,0.10051,7.21E-05,0.01
6,1,0.15,0,0.10035,8.17E-05,0.01
6,1,0.2,0,0.10017,7.77E-05,0.01
6,1,0.25,0,0.1,7.32E-05,0.01
6,1,0.3,0,0.099833,6.37E-05,0.01
6,1,0.35,0,0.099665,5.58E-05,0.01
6,1,0.4,0,0.099511,2.65E-05,0.01
6,1,0.45,0,0.099386,1.35E-06,0.01
6,1,0.5,0,0.099324,-4.35E-05,0.01
6,1,0.55,0,0.099371,-9.02E-05,0.01
6,1,0.6,0,0.099486,-0.00011535,0.01
6,1,0.65,0,0.099632,-0.00014198,0.01
6,1,0.7,0,0.099792,-0.00014746,0.01
6,1,0.75,0,0.09995,-0.00015261,0.01
6,1,0.8,0,0.10011,-0.00014317,0.01
6,1,0.85,0,0.10027,-0.00013895,0.01
6,1,0.9,0,0.10042,-0.00010845,0.01
6,1,0.95,0,0.10052,-6.64E-05,0.01
6,1,1,0,0.10056,-5.58E-05,0.01
7,1,0,0,0.099614,-4.48E-05,0.01
7,1,0.05,0,0.099649,-6.24E-05,0.01
7,1,0.1,0,0.099754,-0.00010162,0.01
7,1,0.15,0,0.099912,-0.00012076,0.01
7,1,0.2,0,0.10008,-0.00010728,0.01
7,1,0.25,0,0.10022,-6.76E-05,0.01
7,1,0.3,0,0.10029,-1.50E-05,0.01
7,1,0.35,0,0.10027,2.83E-05,0.01
7,1,0.4,0,0.1002,3.57E-05,0.01
7,1,0.45,0,0.10011,-1.89E-06,0.01
7,1,0.5,0,0.10006,-5.02E-05,0.01
7,1,0.55,0,0.1001,-9.78E-05,0.01
7,1,0.6,0,0.10018,-0.00012979,0.01
7,1,0.65,0,0.10024,-0.00011793,0.01
7,1,0.7,0,0.10024,-7.18E-05,0.01
7,1,0.75,0,0.10016,-1.68E-05,0.01
7,1,0.8,0,0.10001,3.50E-05,0.01
7,1,0.85,0,0.09983,5.56E-05,0.01
7,1,0.9,0,0.09966,5.74E-05,0.01
7,1,0.95,0,0.09954,2.86E-05,0.01
7,1,1,0,0.099492,-5.63E-06,0.01
8,1,0,0,0.10045,-1.47E-05,0.01
8,1,0.05,0,0.10044,-1.19E-06,0.01
8,1,0.1,0,0.10043,2.50E-06,0.01
8,1,0.15,0,0.10042,-6.55E-06,0.01
8,1,0.2,0,0.1004,-1.58E-05,0.01
8,1,0.25,0,0.10037,-2.56E-05,0.01
8,1,0.3,0,0.10031,-2.65E-05,0.01
8,1,0.35,0,0.10024,-2.77E-05,0.01
8,1,0.4,0,0.10017,-2.88E-05,0.01
8,1,0.45,0,0.10012,-4.50E-05,0.01
8,1,0.5,0,0.1001,-5.24E-05,0.01
8,1,0.55,0,0.10011,-5.96E-05,0.01
8,1,0.6,0,0.10015,-7.16E-05,0.01
8,1,0.65,0,0.10021,-6.94E-05,0.01
8,1,0.7,0,0.10027,-6.65E-05,0.01
8,1,0.75,0,0.10031,-6.54E-05,0.01
8,1,0.8,0,0.10033,-6.11E-05,0.01
8,1,0.85,0,0.10034,-6.04E-05,0.01
8,1,0.9,0,0.10034,-4.72E-05,0.01
8,1,0.95,0,0.10033,-3.51E-05,0.01
8,1,1,0,0.10033,-4.22E-05,0.01
9,1,0,0,0.10004,-2.75E-05,0.01
9,1,0.05,0,0.10002,-2.06E-05,0.01
9,1,0.1,0,0.099995,-3.20E-05,0.01
9,1,0.15,0,0.099973,-5.21E-05,0.01
9,1,0.2,0,0.099973,-6.95E-05,0.01
9,1,0.25,0,0.10001,-8.98E-05,0.01
9,1,0.3,0,0.10009,-0.00010184,0.01
9,1,0.35,0,0.10019,-0.00010458,0.01
9,1,0.4,0,0.10029,-9.60E-05,0.01
9,1,0.45,0,0.10037,-7.37E-05,0.01
9,1,0.5,0,0.1004,-5.25E-05,0.01
9,1,0.55,0,0.10035,-3.30E-05,0.01
9,1,0.6,0,0.10027,-1.00E-05,0.01
9,1,0.65,0,0.10015,1.03E-06,0.01
9,1,0.7,0,0.10004,4.79E-06,0.01
9,1,0.75,0,0.099951,-3.23E-06,0.01
9,1,0.8,0,0.0999,-7.96E-06,0.01
9,1,0.85,0,0.099886,-1.89E-05,0.01
9,1,0.9,0,0.099897,-1.82E-05,0.01
9,1,0.95,0,0.099912,-1.81E-05,0.01
9,1,1,0,0.099914,-3.22E-05,0.01
10,1,0,0,0.10012,-2.43E-05,0.01
10,1,0.05,0,0.10013,-8.74E-06,0.01
10,1,0.1,0,0.10013,-2.63E-06,0.01
10,1,0.15,0,0.10014,2.88E-07,0.01
10,1,0.2,0,0.10013,1.13E-05,0.01
10,1,0.25,0,0.1001,1.82E-05,0.01
10,1,0.3,0,0.10005,2.21E-05,0.01
10,1,0.35,0,0.099978,1.66E-05,0.01
10,1,0.4,0,0.099913,2.07E-06,0.01
10,1,0.45,0,0.09986,-2.09E-05,0.01
10,1,0.5,0,0.099836,-5.40E-05,0.01
10,1,0.55,0,0.099847,-8.63E-05,0.01
10,1,0.6,0,0.099886,-0.00010532,0.01
10,1,0.65,0,0.09994,-0.00011757,0.01
10,1,0.7,0,0.099999,-0.00011657,0.01
10,1,0.75,0,0.10004,-0.00010892,0.01
10,1,0.8,0,0.10006,-8.81E-05,0.01
10,1,0.85,0,0.10006,-7.15E-05,0.01
10,1,0.9,0,0.10004,-4.57E-05,0.01
10,1,0.95,0,0.10002,-2.84E-05,0.01
10,1,1,0,0.1,-3.70E-05,0.01
11,1,0,0,0.10017,-2.43E-05,0.01
11,1,0.05,0,0.10015,-8.60E-06,0.01
11,1,0.1,0,0.10011,-1.03E-05,0.01
11,1,0.15,0,0.10007,-2.56E-05,0.01
11,1,0.2,0,0.10003,-4.10E-05,0.01
11,1,0.25,0,0.10001,-6.42E-05,0.01
11,1,0.3,0,0.10001,-7.97E-05,0.01
11,1,0.35,0,0.10004,-8.85E-05,0.01
11,1,0.4,0,0.10007,-8.18E-05,0.01
11,1,0.45,0,0.10009,-7.04E-05,0.01
11,1,0.5,0,0.10009,-4.90E-05,0.01
11,1,0.55,0,0.10008,-2.71E-05,0.01
11,1,0.6,0,0.10004,-1.26E-05,0.01
11,1,0.65,0,0.1,-4.62E-06,0.01
11,1,0.7,0,0.099968,-6.44E-06,0.01
11,1,0.75,0,0.099953,-1.91E-05,0.01
11,1,0.8,0,0.099961,-2.88E-05,0.01
11,1,0.85,0,0.099985,-4.03E-05,0.01
11,1,0.9,0,0.10002,-3.56E-05,0.01
11,1,0.95,0,0.10004,-2.76E-05,0.01
11,1,1,0,0.10005,-3.73E-05,0.01
12,1,0,0,0.1004,-3.32E-05,0.01
12,1,0.05,0,0.1004,-2.30E-05,0.01
12,1,0.1,0,0.10038,-3.47E-05,0.01
12,1,0.15,0,0.10036,-5.40E-05,0.01
12,1,0.2,0,0.10035,-6.53E-05,0.01
12,1,0.25,0,0.10035,-7.95E-05,0.01
12,1,0.3,0,0.10035,-8.48E-05,0.01
12,1,0.35,0,0.10036,-8.64E-05,0.01
12,1,0.4,0,0.10038,-7.80E-05,0.01
12,1,0.45,0,0.10039,-6.38E-05,0.01
12,1,0.5,0,0.10039,-4.35E-05,0.01
12,1,0.55,0,0.10038,-2.25E-05,0.01
12,1,0.6,0,0.10036,-5.17E-06,0.01
12,1,0.65,0,0.10033,3.70E-06,0.01
12,1,0.7,0,0.10031,8.31E-06,0.01
12,1,0.75,0,0.10029,5.32E-06,0.01
12,1,0.8,0,0.10029,4.23E-06,0.01
12,1,0.85,0,0.10028,-4.72E-06,0.01
12,1,0.9,0,0.10029,-6.37E-06,0.01
12,1,0.95,0,0.10029,-1.03E-05,0.01
12,1,1,0,0.10029,-2.66E-05,0.01
13,1,0,0,0.10011,-3.13E-05,0.01
13,1,0.05,0,0.1001,-1.77E-05,0.01
13,1,0.1,0,0.10007,-2.27E-05,0.01
13,1,0.15,0,0.10005,-3.54E-05,0.01
13,1,0.2,0,0.10003,-4.03E-05,0.01
13,1,0.25,0,0.10002,-4.99E-05,0.01
13,1,0.3,0,0.10002,-5.39E-05,0.01
13,1,0.35,0,0.10003,-5.80E-05,0.01
13,1,0.4,0,0.10004,-5.69E-05,0.01
13,1,0.45,0,0.10006,-5.15E-05,0.01
13,1,0.5,0,0.10006,-4.26E-05,0.01
13,1,0.55,0,0.10004,-3.32E-05,0.01
13,1,0.6,0,0.10002,-2.50E-05,0.01
13,1,0.65,0,0.099997,-2.30E-05,0.01
13,1,0.7,0,0.099975,-2.12E-05,0.01
13,1,0.75,0,0.099962,-2.40E-05,0.01
13,1,0.8,0,0.09996,-2.18E-05,0.01
13,1,0.85,0,0.099967,-2.43E-05,0.01
13,1,0.9,0,0.099982,-1.78E-05,0.01
13,1,0.95,0,0.099993,-1.48E-05,0.01
13,1,1,0,0.099995,-2.82E-05,0.01
14,1,0,0,0.10011,-2.52E-05,0.01
14,1,0.05,0,0.10011,-5.75E-06,0.01
14,1,0.1,0,0.10011,3.90E-06,0.01
14,1,0.15,0,0.1001,9.84E-06,0.01
14,1,0.2,0,0.10009,2.33E-05,0.01
14,1,0.25,0,0.10006,2.74E-05,0.01
14,1,0.3,0,0.10002,3.00E-05,0.01
14,1,0.35,0,0.099981,2.16E-05,0.01
14,1,0.4,0,0.099938,5.86E-06,0.01
14,1,0.45,0,0.099907,-2.02E-05,0.01
14,1,0.5,0,0.099894,-5.00E-05,0.01
14,1,0.55,0,0.099897,-7.88E-05,0.01
14,1,0.6,0,0.099915,-0.00010121,0.01
14,1,0.65,0,0.099944,-0.00011467,0.01
14,1,0.7,0,0.099974,-0.00011631,0.01
14,1,0.75,0,0.099998,-0.00011115,0.01
14,1,0.8,0,0.10001,-9.31E-05,0.01
14,1,0.85,0,0.10001,-7.58E-05,0.01
14,1,0.9,0,0.1,-4.87E-05,0.01
14,1,0.95,0,0.099993,-2.96E-05,0.01
14,1,1,0,0.099986,-3.70E-05,0.01
15,1,0,0,0.099833,-2.64E-05,0.01
15,1,0.05,0,0.099836,-1.04E-05,0.01
15,1,0.1,0,0.099844,-9.48E-06,0.01
15,1,0.15,0,0.09986,-1.54E-05,0.01
15,1,0.2,0,0.099883,-1.69E-05,0.01
15,1,0.25,0,0.099907,-2.77E-05,0.01
15,1,0.3,0,0.099931,-3.48E-05,0.01
15,1,0.35,0,0.099954,-4.44E-05,0.01
15,1,0.4,0,0.099971,-4.98E-05,0.01
15,1,0.45,0,0.09998,-5.34E-05,0.01
15,1,0.5,0,0.09998,-5.67E-05,0.01
15,1,0.55,0,0.099967,-6.02E-05,0.01
15,1,0.6,0,0.099944,-6.17E-05,0.01
15,1,0.65,0,0.099914,-6.44E-05,0.01
15,1,0.7,0,0.09988,-6.55E-05,0.01
15,1,0.75,0,0.099843,-6.82E-05,0.01
15,1,0.8,0,0.099806,-6.22E-05,0.01
15,1,0.85,0,0.099768,-5.68E-05,0.01
15,1,0.9,0,0.099737,-3.86E-05,0.01
15,1,0.95,0,0.099713,-2.72E-05,0.01
15,1,1,0,0.099701,-3.81E-05,0.01
16,1,0,0,0.10005,-4.28E-05,0.01
16,1,0.05,0,0.10004,-4.12E-05,0.01
16,1,0.1,0,0.10002,-6.87E-05,0.01
16,1,0.15,0,0.09998,-0.00010055,0.01
16,1,0.2,0,0.099945,-0.00012059,0.01
16,1,0.25,0,0.099917,-0.00013853,0.01
16,1,0.3,0,0.099901,-0.00014032,0.01
16,1,0.35,0,0.099897,-0.00013368,0.01
16,1,0.4,0,0.0999,-0.00011482,0.01
16,1,0.45,0,0.099901,-8.82E-05,0.01
16,1,0.5,0,0.099897,-5.79E-05,0.01
16,1,0.55,0,0.099888,-2.75E-05,0.01
16,1,0.6,0,0.099874,1.66E-06,0.01
16,1,0.65,0,0.09986,2.35E-05,0.01
16,1,0.7,0,0.099853,3.84E-05,0.01
16,1,0.75,0,0.099857,4.09E-05,0.01
16,1,0.8,0,0.099873,3.97E-05,0.01
16,1,0.85,0,0.099895,2.71E-05,0.01
16,1,0.9,0,0.099916,1.95E-05,0.01
16,1,0.95,0,0.09993,2.12E-06,0.01
16,1,1,0,0.099933,-2.32E-05,0.01
17,1,0,0,0.10008,-2.90E-05,0.01
17,1,0.05,0,0.10007,-1.15E-05,0.01
17,1,0.1,0,0.10007,-9.40E-06,0.01
17,1,0.15,0,0.10006,-1.55E-05,0.01
17,1,0.2,0,0.10005,-1.32E-05,0.01
17,1,0.25,0,0.10004,-1.68E-05,0.01
17,1,0.3,0,0.10002,-1.68E-05,0.01
17,1,0.35,0,0.099997,-2.24E-05,0.01
17,1,0.4,0,0.099974,-2.99E-05,0.01
17,1,0.45,0,0.099956,-4.10E-05,0.01
17,1,0.5,0,0.099945,-5.20E-05,0.01
17,1,0.55,0,0.099944,-6.26E-05,0.01
17,1,0.6,0,0.099951,-7.09E-05,0.01
17,1,0.65,0,0.099962,-7.57E-05,0.01
17,1,0.7,0,0.099973,-7.36E-05,0.01
17,1,0.75,0,0.09998,-7.05E-05,0.01
17,1,0.8,0,0.099983,-5.99E-05,0.01
17,1,0.85,0,0.099982,-5.29E-05,0.01
17,1,0.9,0,0.099975,-3.62E-05,0.01
17,1,0.95,0,0.099966,-2.55E-05,0.01
17,1,1,0,0.099962,-3.59E-05,0.01
18,1,0,0,0.099974,-2.26E-05,0.01
18,1,0.05,0,0.09997,1.78E-06,0.01
18,1,0.1,0,0.099966,1.58E-05,0.01
18,1,0.15,0,0.099967,1.75E-05,0.01
18,1,0.2,0,0.099973,2.33E-05,0.01
18,1,0.25,0,0.099988,1.83E-05,0.01
18,1,0.3,0,0.10001,1.24E-05,0.01
18,1,0.35,0,0.10003,-1.39E-07,0.01
18,1,0.4,0,0.10005,-1.38E-05,0.01
18,1,0.45,0,0.10006,-2.96E-05,0.01
18,1,0.5,0,0.10006,-4.49E-05,0.01
18,1,0.55,0,0.10005,-5.99E-05,0.01
18,1,0.6,0,0.10002,-7.37E-05,0.01
18,1,0.65,0,0.099996,-8.60E-05,0.01
18,1,0.7,0,0.099964,-9.24E-05,0.01
18,1,0.75,0,0.099932,-9.61E-05,0.01
18,1,0.8,0,0.099905,-8.84E-05,0.01
18,1,0.85,0,0.099886,-7.99E-05,0.01
18,1,0.9,0,0.099873,-5.64E-05,0.01
18,1,0.95,0,0.099864,-3.64E-05,0.01
18,1,1,0,0.09986,-4.24E-05,0.01
19,1,0,0,0.099941,-4.14E-05,0.01
19,1,0.05,0,0.099938,-3.33E-05,0.01
19,1,0.1,0,0.09993,-4.90E-05,0.01
19,1,0.15,0,0.099918,-6.86E-05,0.01
19,1,0.2,0,0.099903,-7.29E-05,0.01
19,1,0.25,0,0.099886,-7.82E-05,0.01
19,1,0.3,0,0.099867,-7.58E-05,0.01
19,1,0.35,0,0.099847,-7.24E-05,0.01
19,1,0.4,0,0.099829,-6.42E-05,0.01
19,1,0.45,0,0.099816,-5.48E-05,0.01
19,1,0.5,0,0.099807,-4.45E-05,0.01
19,1,0.55,0,0.099803,-3.40E-05,0.01
19,1,0.6,0,0.099805,-2.27E-05,0.01
19,1,0.65,0,0.099812,-1.31E-05,0.01
19,1,0.7,0,0.09982,-3.21E-06,0.01
19,1,0.75,0,0.099827,1.68E-06,0.01
19,1,0.8,0,0.099831,8.81E-06,0.01
19,1,0.85,0,0.099833,6.27E-06,0.01
19,1,0.9,0,0.099832,8.62E-06,0.01
19,1,0.95,0,0.099827,-1.39E-06,0.01
19,1,1,0,0.099823,-2.44E-05,0.01
20,1,0,0,0.10007,-3.84E-05,0.01
20,1,0.05,0,0.10007,-2.74E-05,0.01
20,1,0.1,0,0.10005,-3.98E-05,0.01
20,1,0.15,0,0.10004,-5.93E-05,0.01
20,1,0.2,0,0.10002,-6.55E-05,0.01
20,1,0.25,0,0.1,-7.43E-05,0.01
20,1,0.3,0,0.099981,-7.51E-05,0.01
20,1,0.35,0,0.099964,-7.42E-05,0.01
20,1,0.4,0,0.09995,-6.81E-05,0.01
20,1,0.45,0,0.099939,-6.03E-05,0.01
20,1,0.5,0,0.099932,-5.04E-05,0.01
20,1,0.55,0,0.099927,-4.01E-05,0.01
20,1,0.6,0,0.099925,-2.97E-05,0.01
20,1,0.65,0,0.099927,-2.13E-05,0.01
20,1,0.7,0,0.099932,-1.34E-05,0.01
20,1,0.75,0,0.099939,-1.04E-05,0.01
20,1,0.8,0,0.099946,-5.10E-06,0.01
20,1,0.85,0,0.099951,-8.48E-06,0.01
20,1,0.9,0,0.099953,-4.30E-06,0.01
20,1,0.95,0,0.099952,-9.08E-06,0.01
20,1,1,0,0.09995,-2.86E-05,0.01
21,1,0,0,0.099985,-2.56E-05,0.01
21,1,0.05,0,0.099983,-2.98E-06,0.01
21,1,0.1,0,0.099985,6.91E-06,0.01
21,1,0.15,0,0.099995,5.39E-06,0.01
21,1,0.2,0,0.10001,9.97E-06,0.01
21,1,0.25,0,0.10003,4.79E-06,0.01
21,1,0.3,0,0.10005,1.39E-07,0.01
21,1,0.35,0,0.10006,-1.11E-05,0.01
21,1,0.4,0,0.10007,-2.40E-05,0.01
21,1,0.45,0,0.10008,-3.98E-05,0.01
21,1,0.5,0,0.10008,-5.60E-05,0.01
21,1,0.55,0,0.10007,-7.18E-05,0.01
21,1,0.6,0,0.10005,-8.47E-05,0.01
21,1,0.65,0,0.10002,-9.43E-05,0.01
21,1,0.7,0,0.099995,-9.74E-05,0.01
21,1,0.75,0,0.099964,-9.75E-05,0.01
21,1,0.8,0,0.099935,-8.74E-05,0.01
21,1,0.85,0,0.099907,-7.80E-05,0.01
21,1,0.9,0,0.099885,-5.39E-05,0.01
21,1,0.95,0,0.099868,-3.55E-05,0.01
21,1,1,0,0.099862,-4.32E-05,0.01
22,1,0,0,0.10014,-3.49E-05,0.01
22,1,0.05,0,0.10013,-2.14E-05,0.01
22,1,0.1,0,0.10013,-2.74E-05,0.01
22,1,0.15,0,0.10012,-4.00E-05,0.01
22,1,0.2,0,0.10011,-4.21E-05,0.01
22,1,0.25,0,0.10009,-4.89E-05,0.01
22,1,0.3,0,0.10008,-4.99E-05,0.01
22,1,0.35,0,0.10006,-5.28E-05,0.01
22,1,0.4,0,0.10004,-5.36E-05,0.01
22,1,0.45,0,0.10003,-5.48E-05,0.01
22,1,0.5,0,0.10002,-5.55E-05,0.01
22,1,0.55,0,0.10001,-5.55E-05,0.01
22,1,0.6,0,0.10002,-5.39E-05,0.01
22,1,0.65,0,0.10002,-5.18E-05,0.01
22,1,0.7,0,0.10003,-4.72E-05,0.01
22,1,0.75,0,0.10003,-4.38E-05,0.01
22,1,0.8,0,0.10003,-3.51E-05,0.01
22,1,0.85,0,0.10003,-3.26E-05,0.01
22,1,0.9,0,0.10003,-1.97E-05,0.01
22,1,0.95,0,0.10002,-1.68E-05,0.01
22,1,1,0,0.10002,-3.34E-05,0.01
23,1,0,0,0.10015,-4.10E-05,0.01
23,1,0.05,0,0.10015,-3.15E-05,0.01
23,1,0.1,0,0.10013,-4.64E-05,0.01
23,1,0.15,0,0.10012,-6.77E-05,0.01
23,1,0.2,0,0.1001,-7.53E-05,0.01
23,1,0.25,0,0.10008,-8.47E-05,0.01
23,1,0.3,0,0.10006,-8.47E-05,0.01
23,1,0.35,0,0.10004,-8.26E-05,0.01
23,1,0.4,0,0.10003,-7.45E-05,0.01
23,1,0.45,0,0.10002,-6.36E-05,0.01
23,1,0.5,0,0.10001,-5.06E-05,0.01
23,1,0.55,0,0.10001,-3.71E-05,0.01
23,1,0.6,0,0.1,-2.37E-05,0.01
23,1,0.65,0,0.10001,-1.30E-05,0.01
23,1,0.7,0,0.10001,-3.95E-06,0.01
23,1,0.75,0,0.10002,-6.79E-07,0.01
23,1,0.8,0,0.10003,4.31E-06,0.01
23,1,0.85,0,0.10003,-2.15E-07,0.01
23,1,0.9,0,0.10004,2.66E-06,0.01
23,1,0.95,0,0.10004,-4.86E-06,0.01
23,1,1,0,0.10003,-2.65E-05,0.01
24,1,0,0,0.099985,-2.99E-05,0.01
24,1,0.05,0,0.099985,-9.98E-06,0.01
24,1,0.1,0,0.09999,-5.80E-06,0.01
24,1,0.15,0,0.1,-1.16E-05,0.01
24,1,0.2,0,0.10002,-8.69E-06,0.01
24,1,0.25,0,0.10003,-1.39E-05,0.01
24,1,0.3,0,0.10005,-1.61E-05,0.01
24,1,0.35,0,0.10006,-2.31E-05,0.01
24,1,0.4,0,0.10007,-3.03E-05,0.01
24,1,0.45,0,0.10008,-3.89E-05,0.01
24,1,0.5,0,0.10008,-4.73E-05,0.01
24,1,0.55,0,0.10007,-5.51E-05,0.01
24,1,0.6,0,0.10005,-6.15E-05,0.01
24,1,0.65,0,0.10003,-6.64E-05,0.01
24,1,0.7,0,0.1,-6.68E-05,0.01
24,1,0.75,0,0.099976,-6.65E-05,0.01
24,1,0.8,0,0.099947,-5.82E-05,0.01
24,1,0.85,0,0.09992,-5.32E-05,0.01
24,1,0.9,0,0.099896,-3.59E-05,0.01
24,1,0.95,0,0.099876,-2.58E-05,0.01
24,1,1,0,0.099869,-3.79E-05,0.01
25,1,0,0,0.10013,-2.86E-05,0.01
25,1,0.05,0,0.10012,-9.25E-06,0.01
25,1,0.1,0,0.10011,-5.33E-06,0.01
25,1,0.15,0,0.10009,-1.10E-05,0.01
25,1,0.2,0,0.10006,-9.07E-06,0.01
25,1,0.25,0,0.10004,-1.52E-05,0.01
25,1,0.3,0,0.10002,-1.84E-05,0.01
25,1,0.35,0,0.1,-2.59E-05,0.01
25,1,0.4,0,0.099985,-3.27E-05,0.01
25,1,0.45,0,0.099973,-4.06E-05,0.01
25,1,0.5,0,0.099965,-4.80E-05,0.01
25,1,0.55,0,0.099962,-5.50E-05,0.01
25,1,0.6,0,0.099962,-6.07E-05,0.01
25,1,0.65,0,0.099966,-6.53E-05,0.01
25,1,0.7,0,0.099973,-6.59E-05,0.01
25,1,0.75,0,0.099982,-6.64E-05,0.01
25,1,0.8,0,0.099993,-5.87E-05,0.01
25,1,0.85,0,0.1,-5.45E-05,0.01
25,1,0.9,0,0.10001,-3.73E-05,0.01
25,1,0.95,0,0.10001,-2.66E-05,0.01
25,1,1,0,0.10001,-3.84E-05,0.01
26,1,0,0,0.10011,-4.13E-05,0.01
26,1,0.05,0,0.10011,-3.25E-05,0.01
26,1,0.1,0,0.10011,-4.85E-05,0.01
26,1,0.15,0,0.10011,-7.01E-05,0.01
26,1,0.2,0,0.1001,-7.74E-05,0.01
26,1,0.25,0,0.1001,-8.60E-05,0.01
26,1,0.3,0,0.1001,-8.49E-05,0.01
26,1,0.35,0,0.10009,-8.20E-05,0.01
26,1,0.4,0,0.10009,-7.37E-05,0.01
26,1,0.45,0,0.10008,-6.32E-05,0.01
26,1,0.5,0,0.10007,-5.10E-05,0.01
26,1,0.55,0,0.10007,-3.81E-05,0.01
26,1,0.6,0,0.10006,-2.53E-05,0.01
26,1,0.65,0,0.10006,-1.44E-05,0.01
26,1,0.7,0,0.10005,-4.42E-06,0.01
26,1,0.75,0,0.10004,-2.89E-07,0.01
26,1,0.8,0,0.10003,5.69E-06,0.01
26,1,0.85,0,0.10002,1.66E-06,0.01
26,1,0.9,0,0.10001,4.00E-06,0.01
26,1,0.95,0,0.099996,-4.26E-06,0.01
26,1,1,0,0.099991,-2.62E-05,0.01
27,1,0,0,0.10008,-3.24E-05,0.01
27,1,0.05,0,0.10007,-1.60E-05,0.01
27,1,0.1,0,0.10007,-1.81E-05,0.01
27,1,0.15,0,0.10006,-2.89E-05,0.01
27,1,0.2,0,0.10006,-3.00E-05,0.01
27,1,0.25,0,0.10006,-3.73E-05,0.01
27,1,0.3,0,0.10005,-3.97E-05,0.01
27,1,0.35,0,0.10004,-4.45E-05,0.01
27,1,0.4,0,0.10004,-4.74E-05,0.01
27,1,0.45,0,0.10003,-5.06E-05,0.01
27,1,0.5,0,0.10003,-5.34E-05,0.01
27,1,0.55,0,0.10002,-5.56E-05,0.01
27,1,0.6,0,0.10001,-5.63E-05,0.01
27,1,0.65,0,0.10001,-5.63E-05,0.01
27,1,0.7,0,0.1,-5.33E-05,0.01
27,1,0.75,0,0.099994,-5.20E-05,0.01
27,1,0.8,0,0.099986,-4.44E-05,0.01
27,1,0.85,0,0.099978,-4.15E-05,0.01
27,1,0.9,0,0.099969,-2.77E-05,0.01
27,1,0.95,0,0.09996,-2.11E-05,0.01
27,1,1,0,0.099956,-3.48E-05,0.01
28,1,0,0,0.10006,-2.78E-05,0.01
28,1,0.05,0,0.10005,-8.63E-06,0.01
28,1,0.1,0,0.10005,-4.65E-06,0.01
28,1,0.15,0,0.10004,-9.86E-06,0.01
28,1,0.2,0,0.10004,-7.83E-06,0.01
28,1,0.25,0,0.10003,-1.41E-05,0.01
28,1,0.3,0,0.10003,-1.74E-05,0.01
28,1,0.35,0,0.10002,-2.56E-05,0.01
28,1,0.4,0,0.10002,-3.40E-05,0.01
28,1,0.45,0,0.10001,-4.38E-05,0.01
28,1,0.5,0,0.10001,-5.35E-05,0.01
28,1,0.55,0,0.1,-6.25E-05,0.01
28,1,0.6,0,0.099994,-6.97E-05,0.01
28,1,0.65,0,0.099987,-7.51E-05,0.01
28,1,0.7,0,0.099978,-7.58E-05,0.01
28,1,0.75,0,0.099971,-7.56E-05,0.01
28,1,0.8,0,0.099963,-6.66E-05,0.01
28,1,0.85,0,0.099956,-6.04E-05,0.01
28,1,0.9,0,0.099949,-4.11E-05,0.01
28,1,0.95,0,0.099942,-2.86E-05,0.01
28,1,1,0,0.099938,-3.94E-05,0.01
29,1,0,0,0.10005,-3.78E-05,0.01
29,1,0.05,0,0.10004,-2.65E-05,0.01
29,1,0.1,0,0.10003,-3.77E-05,0.01
29,1,0.15,0,0.10003,-5.55E-05,0.01
29,1,0.2,0,0.10002,-6.08E-05,0.01
29,1,0.25,0,0.10001,-6.91E-05,0.01
29,1,0.3,0,0.099996,-6.91E-05,0.01
29,1,0.35,0,0.099986,-6.89E-05,0.01
29,1,0.4,0,0.099976,-6.47E-05,0.01
29,1,0.45,0,0.099967,-5.88E-05,0.01
29,1,0.5,0,0.09996,-5.11E-05,0.01
29,1,0.55,0,0.099956,-4.31E-05,0.01
29,1,0.6,0,0.099953,-3.48E-05,0.01
29,1,0.65,0,0.099951,-2.78E-05,0.01
29,1,0.7,0,0.099949,-2.04E-05,0.01
29,1,0.75,0,0.099948,-1.75E-05,0.01
29,1,0.8,0,0.099946,-1.12E-05,0.01
29,1,0.85,0,0.099943,-1.30E-05,0.01
29,1,0.9,0,0.099938,-6.84E-06,0.01
29,1,0.95,0,0.099932,-1.00E-05,0.01
29,1,1,0,0.099928,-2.91E-05,0.01
30,1,0,0,0.10003,-3.46E-05,0.01
30,1,0.05,0,0.10003,-2.03E-05,0.01
30,1,0.1,0,0.10002,-2.64E-05,0.01
30,1,0.15,0,0.10001,-3.99E-05,0.01
30,1,0.2,0,0.10001,-4.27E-05,0.01
30,1,0.25,0,0.1,-5.05E-05,0.01
30,1,0.3,0,0.099996,-5.17E-05,0.01
30,1,0.35,0,0.099992,-5.42E-05,0.01
30,1,0.4,0,0.099988,-5.34E-05,0.01
30,1,0.45,0,0.099983,-5.18E-05,0.01
30,1,0.5,0,0.099978,-4.89E-05,0.01
30,1,0.55,0,0.099972,-4.56E-05,0.01
30,1,0.6,0,0.099965,-4.17E-05,0.01
30,1,0.65,0,0.099958,-3.85E-05,0.01
30,1,0.7,0,0.09995,-3.39E-05,0.01
30,1,0.75,0,0.099942,-3.26E-05,0.01
30,1,0.8,0,0.099935,-2.62E-05,0.01
30,1,0.85,0,0.099929,-2.62E-05,0.01
30,1,0.9,0,0.099923,-1.70E-05,0.01
30,1,0.95,0,0.099916,-1.53E-05,0.01
30,1,1,0,0.099912,-3.14E-05,0.01
31,1,0,0,0.10005,-2.86E-05,0.01
31,1,0.05,0,0.10004,-9.62E-06,0.01
31,1,0.1,0,0.10004,-6.18E-06,0.01
31,1,0.15,0,0.10003,-1.15E-05,0.01
31,1,0.2,0,0.10003,-8.96E-06,0.01
31,1,0.25,0,0.10003,-1.45E-05,0.01
31,1,0.3,0,0.10002,-1.69E-05,0.01
31,1,0.35,0,0.10002,-2.41E-05,0.01
31,1,0.4,0,0.10002,-3.12E-05,0.01
31,1,0.45,0,0.10001,-4.00E-05,0.01
31,1,0.5,0,0.1,-4.89E-05,0.01
31,1,0.55,0,0.099999,-5.74E-05,0.01
31,1,0.6,0,0.099992,-6.39E-05,0.01
31,1,0.65,0,0.099985,-6.86E-05,0.01
31,1,0.7,0,0.099977,-6.89E-05,0.01
31,1,0.75,0,0.099968,-6.87E-05,0.01
31,1,0.8,0,0.099959,-6.01E-05,0.01
31,1,0.85,0,0.099949,-5.47E-05,0.01
31,1,0.9,0,0.09994,-3.70E-05,0.01
31,1,0.95,0,0.099931,-2.61E-05,0.01
31,1,1,0,0.099926,-3.77E-05,0.01
32,1,0,0,0.10006,-3.47E-05,0.01
32,1,0.05,0,0.10006,-2.11E-05,0.01
32,1,0.1,0,0.10005,-2.78E-05,0.01
32,1,0.15,0,0.10004,-4.17E-05,0.01
32,1,0.2,0,0.10003,-4.51E-05,0.01
32,1,0.25,0,0.10002,-5.30E-05,0.01
32,1,0.3,0,0.10001,-5.40E-05,0.01
32,1,0.35,0,0.10001,-5.62E-05,0.01
32,1,0.4,0,0.099997,-5.53E-05,0.01
32,1,0.45,0,0.09999,-5.37E-05,0.01
32,1,0.5,0,0.099983,-5.10E-05,0.01
32,1,0.55,0,0.099977,-4.76E-05,0.01
32,1,0.6,0,0.099973,-4.36E-05,0.01
32,1,0.65,0,0.099968,-4.02E-05,0.01
32,1,0.7,0,0.099965,-3.52E-05,0.01
32,1,0.75,0,0.099962,-3.33E-05,0.01
32,1,0.8,0,0.099958,-2.67E-05,0.01
32,1,0.85,0,0.099955,-2.64E-05,0.01
32,1,0.9,0,0.09995,-1.68E-05,0.01
32,1,0.95,0,0.099945,-1.52E-05,0.01
32,1,1,0,0.099941,-3.15E-05,0.01
33,1,0,0,0.10003,-3.62E-05,0.01
33,1,0.05,0,0.10003,-2.36E-05,0.01
33,1,0.1,0,0.10002,-3.26E-05,0.01
33,1,0.15,0,0.10001,-4.85E-05,0.01
33,1,0.2,0,0.10001,-5.28E-05,0.01
33,1,0.25,0,0.1,-6.11E-05,0.01
33,1,0.3,0,0.099993,-6.19E-05,0.01
33,1,0.35,0,0.099987,-6.31E-05,0.01
33,1,0.4,0,0.099981,-6.08E-05,0.01
33,1,0.45,0,0.099975,-5.74E-05,0.01
33,1,0.5,0,0.099969,-5.26E-05,0.01
33,1,0.55,0,0.099963,-4.72E-05,0.01
33,1,0.6,0,0.099957,-4.12E-05,0.01
33,1,0.65,0,0.099951,-3.62E-05,0.01
33,1,0.7,0,0.099945,-2.99E-05,0.01
33,1,0.75,0,0.099939,-2.73E-05,0.01
33,1,0.8,0,0.099933,-2.07E-05,0.01
33,1,0.85,0,0.099927,-2.11E-05,0.01
33,1,0.9,0,0.09992,-1.32E-05,0.01
33,1,0.95,0,0.099913,-1.30E-05,0.01
33,1,1,0,0.09991,-2.98E-05,0.01
34,1,0,0,0.10004,-2.92E-05,0.01
34,1,0.05,0,0.10004,-1.19E-05,0.01
34,1,0.1,0,0.10003,-1.10E-05,0.01
34,1,0.15,0,0.10003,-1.80E-05,0.01
34,1,0.2,0,0.10002,-1.74E-05,0.01
34,1,0.25,0,0.10002,-2.38E-05,0.01
34,1,0.3,0,0.10001,-2.64E-05,0.01
34,1,0.35,0,0.10001,-3.32E-05,0.01
34,1,0.4,0,0.1,-3.89E-05,0.01
34,1,0.45,0,0.099995,-4.58E-05,0.01
34,1,0.5,0,0.099989,-5.23E-05,0.01
34,1,0.55,0,0.099983,-5.82E-05,0.01
34,1,0.6,0,0.099976,-6.25E-05,0.01
34,1,0.65,0,0.09997,-6.57E-05,0.01
34,1,0.7,0,0.099963,-6.48E-05,0.01
34,1,0.75,0,0.099955,-6.42E-05,0.01
34,1,0.8,0,0.099948,-5.58E-05,0.01
34,1,0.85,0,0.09994,-5.09E-05,0.01
34,1,0.9,0,0.099933,-3.45E-05,0.01
34,1,0.95,0,0.099924,-2.46E-05,0.01
34,1,1,0,0.09992,-3.64E-05,0.01
35,1,0,0,0.10005,-3.23E-05,0.01
35,1,0.05,0,0.10005,-1.82E-05,0.01
35,1,0.1,0,0.10004,-2.28E-05,0.01
35,1,0.15,0,0.10004,-3.44E-05,0.01
35,1,0.2,0,0.10003,-3.66E-05,0.01
35,1,0.25,0,0.10003,-4.39E-05,0.01
35,1,0.3,0,0.10002,-4.54E-05,0.01
35,1,0.35,0,0.10002,-4.92E-05,0.01
35,1,0.4,0,0.10001,-5.01E-05,0.01
35,1,0.45,0,0.10001,-5.10E-05,0.01
35,1,0.5,0,0.1,-5.09E-05,0.01
35,1,0.55,0,0.099997,-5.02E-05,0.01
35,1,0.6,0,0.099991,-4.86E-05,0.01
35,1,0.65,0,0.099983,-4.73E-05,0.01
35,1,0.7,0,0.099976,-4.35E-05,0.01
35,1,0.75,0,0.099968,-4.22E-05,0.01
35,1,0.8,0,0.09996,-3.50E-05,0.01
35,1,0.85,0,0.099953,-3.32E-05,0.01
35,1,0.9,0,0.099946,-2.19E-05,0.01
35,1,0.95,0,0.099938,-1.77E-05,0.01
35,1,1,0,0.099934,-3.26E-05,0.01
36,1,0,0,0.10008,-3.51E-05,0.01
36,1,0.05,0,0.10008,-2.23E-05,0.01
36,1,0.1,0,0.10007,-3.03E-05,0.01
36,1,0.15,0,0.10006,-4.50E-05,0.01
36,1,0.2,0,0.10005,-4.88E-05,0.01
36,1,0.25,0,0.10004,-5.66E-05,0.01
36,1,0.3,0,0.10003,-5.71E-05,0.01
36,1,0.35,0,0.10002,-5.87E-05,0.01
36,1,0.4,0,0.10001,-5.66E-05,0.01
36,1,0.45,0,0.1,-5.39E-05,0.01
36,1,0.5,0,0.099994,-4.99E-05,0.01
36,1,0.55,0,0.099989,-4.53E-05,0.01
36,1,0.6,0,0.099986,-4.01E-05,0.01
36,1,0.65,0,0.099984,-3.59E-05,0.01
36,1,0.7,0,0.099983,-3.01E-05,0.01
36,1,0.75,0,0.099982,-2.81E-05,0.01
36,1,0.8,0,0.09998,-2.17E-05,0.01
36,1,0.85,0,0.099978,-2.17E-05,0.01
36,1,0.9,0,0.099975,-1.38E-05,0.01
36,1,0.95,0,0.09997,-1.32E-05,0.01
36,1,1,0,0.099967,-2.94E-05,0.01
37,1,0,0,0.10006,-3.03E-05,0.01
37,1,0.05,0,0.10006,-1.47E-05,0.01
37,1,0.1,0,0.10005,-1.68E-05,0.01
37,1,0.15,0,0.10005,-2.62E-05,0.01
37,1,0.2,0,0.10005,-2.70E-05,0.01
37,1,0.25,0,0.10004,-3.37E-05,0.01
37,1,0.3,0,0.10004,-3.55E-05,0.01
37,1,0.35,0,0.10004,-4.06E-05,0.01
37,1,0.4,0,0.10004,-4.36E-05,0.01
37,1,0.45,0,0.10003,-4.71E-05,0.01
37,1,0.5,0,0.10003,-5.00E-05,0.01
37,1,0.55,0,0.10002,-5.23E-05,0.01
37,1,0.6,0,0.10001,-5.35E-05,0.01
37,1,0.65,0,0.1,-5.43E-05,0.01
37,1,0.7,0,0.099994,-5.19E-05,0.01
37,1,0.75,0,0.099984,-5.10E-05,0.01
37,1,0.8,0,0.099973,-4.36E-05,0.01
37,1,0.85,0,0.099963,-4.05E-05,0.01
37,1,0.9,0,0.099954,-2.74E-05,0.01
37,1,0.95,0,0.099944,-2.07E-05,0.01
37,1,1,0,0.09994,-3.39E-05,0.01
38,1,0,0,0.10006,-3.07E-05,0.01
38,1,0.05,0,0.10006,-1.59E-05,0.01
38,1,0.1,0,0.10005,-1.89E-05,0.01
38,1,0.15,0,0.10005,-2.85E-05,0.01
38,1,0.2,0,0.10004,-2.98E-05,0.01
38,1,0.25,0,0.10003,-3.65E-05,0.01
38,1,0.3,0,0.10003,-3.81E-05,0.01
38,1,0.35,0,0.10002,-4.28E-05,0.01
38,1,0.4,0,0.10001,-4.53E-05,0.01
38,1,0.45,0,0.10001,-4.86E-05,0.01
38,1,0.5,0,0.1,-5.10E-05,0.01
38,1,0.55,0,0.099995,-5.28E-05,0.01
38,1,0.6,0,0.09999,-5.33E-05,0.01
38,1,0.65,0,0.099984,-5.37E-05,0.01
38,1,0.7,0,0.099978,-5.07E-05,0.01
38,1,0.75,0,0.099973,-4.96E-05,0.01
38,1,0.8,0,0.099967,-4.20E-05,0.01
38,1,0.85,0,0.099961,-3.91E-05,0.01
38,1,0.9,0,0.099955,-2.61E-05,0.01
38,1,0.95,0,0.099948,-1.99E-05,0.01
38,1,1,0,0.099943,-3.35E-05,0.01
39,1,0,0,0.10007,-3.43E-05,0.01
39,1,0.05,0,0.10007,-2.15E-05,0.01
39,1,0.1,0,0.10006,-2.91E-05,0.01
39,1,0.15,0,0.10005,-4.32E-05,0.01
39,1,0.2,0,0.10004,-4.69E-05,0.01
39,1,0.25,0,0.10003,-5.48E-05,0.01
39,1,0.3,0,0.10003,-5.58E-05,0.01
39,1,0.35,0,0.10002,-5.81E-05,0.01
39,1,0.4,0,0.10001,-5.69E-05,0.01
39,1,0.45,0,0.1,-5.50E-05,0.01
39,1,0.5,0,0.099995,-5.18E-05,0.01
39,1,0.55,0,0.099989,-4.79E-05,0.01
39,1,0.6,0,0.099985,-4.34E-05,0.01
39,1,0.65,0,0.099981,-3.99E-05,0.01
39,1,0.7,0,0.099977,-3.44E-05,0.01
39,1,0.75,0,0.099974,-3.25E-05,0.01
39,1,0.8,0,0.099971,-2.58E-05,0.01
39,1,0.85,0,0.099967,-2.51E-05,0.01
39,1,0.9,0,0.099963,-1.64E-05,0.01
39,1,0.95,0,0.099957,-1.45E-05,0.01
39,1,1,0,0.099954,-2.98E-05,0.01
40,1,0,0,0.10007,-3.18E-05,0.01
40,1,0.05,0,0.10006,-1.75E-05,0.01
40,1,0.1,0,0.10006,-2.20E-05,0.01
40,1,0.15,0,0.10005,-3.30E-05,0.01
40,1,0.2,0,0.10005,-3.50E-05,0.01
40,1,0.25,0,0.10004,-4.23E-05,0.01
40,1,0.3,0,0.10004,-4.37E-05,0.01
40,1,0.35,0,0.10004,-4.79E-05,0.01
40,1,0.4,0,0.10003,-4.94E-05,0.01
40,1,0.45,0,0.10003,-5.11E-05,0.01
40,1,0.5,0,0.10002,-5.18E-05,0.01
40,1,0.55,0,0.10002,-5.19E-05,0.01
40,1,0.6,0,0.10001,-5.10E-05,0.01
40,1,0.65,0,0.1,-5.02E-05,0.01
40,1,0.7,0,0.099992,-4.64E-05,0.01
40,1,0.75,0,0.099984,-4.50E-05,0.01
40,1,0.8,0,0.099975,-3.78E-05,0.01
40,1,0.85,0,0.099967,-3.53E-05,0.01
40,1,0.9,0,0.099959,-2.37E-05,0.01
40,1,0.95,0,0.099951,-1.85E-05,0.01
40,1,1,0,0.099947,-3.22E-05,0.01
41,1,0,0,0.10007,-3.01E-05,0.01
41,1,0.05,0,0.10006,-1.52E-05,0.01
41,1,0.1,0,0.10006,-1.77E-05,0.01
41,1,0.15,0,0.10005,-2.69E-05,0.01
41,1,0.2,0,0.10004,-2.80E-05,0.01
41,1,0.25,0,0.10004,-3.46E-05,0.01
41,1,0.3,0,0.10003,-3.63E-05,0.01
41,1,0.35,0,0.10003,-4.15E-05,0.01
41,1,0.4,0,0.10002,-4.43E-05,0.01
41,1,0.45,0,0.10002,-4.81E-05,0.01
41,1,0.5,0,0.10001,-5.12E-05,0.01
41,1,0.55,0,0.1,-5.35E-05,0.01
41,1,0.6,0,0.099998,-5.46E-05,0.01
41,1,0.65,0,0.099992,-5.53E-05,0.01
41,1,0.7,0,0.099986,-5.26E-05,0.01
41,1,0.75,0,0.099979,-5.16E-05,0.01
41,1,0.8,0,0.099973,-4.39E-05,0.01
41,1,0.85,0,0.099966,-4.07E-05,0.01
41,1,0.9,0,0.099959,-2.74E-05,0.01
41,1,0.95,0,0.099952,-2.06E-05,0.01
41,1,1,0,0.099947,-3.37E-05,0.01
42,1,0,0,0.10007,-3.30E-05,0.01
42,1,0.05,0,0.10006,-1.98E-05,0.01
42,1,0.1,0,0.10006,-2.61E-05,0.01
42,1,0.15,0,0.10005,-3.88E-05,0.01
42,1,0.2,0,0.10004,-4.19E-05,0.01
42,1,0.25,0,0.10003,-4.92E-05,0.01
42,1,0.3,0,0.10002,-5.02E-05,0.01
42,1,0.35,0,0.10001,-5.31E-05,0.01
42,1,0.4,0,0.10001,-5.26E-05,0.01
42,1,0.45,0,0.1,-5.20E-05,0.01
42,1,0.5,0,0.099994,-5.03E-05,0.01
42,1,0.55,0,0.099989,-4.80E-05,0.01
42,1,0.6,0,0.099984,-4.49E-05,0.01
42,1,0.65,0,0.099979,-4.24E-05,0.01
42,1,0.7,0,0.099975,-3.75E-05,0.01
42,1,0.75,0,0.099971,-3.60E-05,0.01
42,1,0.8,0,0.099968,-2.93E-05,0.01
42,1,0.85,0,0.099964,-2.81E-05,0.01
42,1,0.9,0,0.099959,-1.86E-05,0.01
42,1,0.95,0,0.099953,-1.56E-05,0.01
42,1,1,0,0.099949,-3.03E-05,0.01
43,1,0,0,0.10005,-3.23E-05,0.01
43,1,0.05,0,0.10005,-1.86E-05,0.01
43,1,0.1,0,0.10004,-2.40E-05,0.01
43,1,0.15,0,0.10004,-3.57E-05,0.01
43,1,0.2,0,0.10003,-3.81E-05,0.01
43,1,0.25,0,0.10003,-4.54E-05,0.01
43,1,0.3,0,0.10002,-4.64E-05,0.01
43,1,0.35,0,0.10002,-4.99E-05,0.01
43,1,0.4,0,0.10001,-5.03E-05,0.01
43,1,0.45,0,0.10001,-5.08E-05,0.01
43,1,0.5,0,0.099999,-5.03E-05,0.01
43,1,0.55,0,0.099993,-4.92E-05,0.01
43,1,0.6,0,0.099986,-4.72E-05,0.01
43,1,0.65,0,0.09998,-4.57E-05,0.01
43,1,0.7,0,0.099973,-4.14E-05,0.01
43,1,0.75,0,0.099966,-3.99E-05,0.01
43,1,0.8,0,0.099958,-3.30E-05,0.01
43,1,0.85,0,0.099951,-3.10E-05,0.01
43,1,0.9,0,0.099944,-2.07E-05,0.01
43,1,0.95,0,0.099935,-1.68E-05,0.01
43,1,1,0,0.099932,-3.10E-05,0.01
44,1,0,0,0.10005,-3.03E-05,0.01
44,1,0.05,0,0.10005,-1.55E-05,0.01
44,1,0.1,0,0.10004,-1.85E-05,0.01
44,1,0.15,0,0.10003,-2.80E-05,0.01
44,1,0.2,0,0.10003,-2.93E-05,0.01
44,1,0.25,0,0.10002,-3.61E-05,0.01
44,1,0.3,0,0.10002,-3.78E-05,0.01
44,1,0.35,0,0.10001,-4.28E-05,0.01
44,1,0.4,0,0.10001,-4.53E-05,0.01
44,1,0.45,0,0.1,-4.86E-05,0.01
44,1,0.5,0,0.099996,-5.10E-05,0.01
44,1,0.55,0,0.09999,-5.28E-05,0.01
44,1,0.6,0,0.099983,-5.35E-05,0.01
44,1,0.65,0,0.099977,-5.40E-05,0.01
44,1,0.7,0,0.09997,-5.11E-05,0.01
44,1,0.75,0,0.099963,-5.01E-05,0.01
44,1,0.8,0,0.099956,-4.26E-05,0.01
44,1,0.85,0,0.099949,-3.95E-05,0.01
44,1,0.9,0,0.099943,-2.66E-05,0.01
44,1,0.95,0,0.099935,-2.01E-05,0.01
44,1,1,0,0.099931,-3.31E-05,0.01
45,1,0,0,0.10006,-3.21E-05,0.01
45,1,0.05,0,0.10006,-1.86E-05,0.01
45,1,0.1,0,0.10005,-2.39E-05,0.01
45,1,0.15,0,0.10004,-3.56E-05,0.01
45,1,0.2,0,0.10004,-3.82E-05,0.01
45,1,0.25,0,0.10003,-4.54E-05,0.01
45,1,0.3,0,0.10002,-4.67E-05,0.01
45,1,0.35,0,0.10001,-5.04E-05,0.01
45,1,0.4,0,0.10001,-5.10E-05,0.01
45,1,0.45,0,0.1,-5.18E-05,0.01
45,1,0.5,0,0.099994,-5.15E-05,0.01
45,1,0.55,0,0.099988,-5.06E-05,0.01
45,1,0.6,0,0.099983,-4.88E-05,0.01
45,1,0.65,0,0.099977,-4.73E-05,0.01
45,1,0.7,0,0.099973,-4.30E-05,0.01
45,1,0.75,0,0.099968,-4.15E-05,0.01
45,1,0.8,0,0.099963,-3.44E-05,0.01
45,1,0.85,0,0.099958,-3.24E-05,0.01
45,1,0.9,0,0.099953,-2.16E-05,0.01
45,1,0.95,0,0.099946,-1.73E-05,0.01
45,1,1,0,0.099942,-3.14E-05,0.01
46,1,0,0,0.10006,-3.27E-05,0.01
46,1,0.05,0,0.10005,-1.94E-05,0.01
46,1,0.1,0,0.10005,-2.55E-05,0.01
46,1,0.15,0,0.10004,-3.78E-05,0.01
46,1,0.2,0,0.10003,-4.07E-05,0.01
46,1,0.25,0,0.10003,-4.82E-05,0.01
46,1,0.3,0,0.10002,-4.93E-05,0.01
46,1,0.35,0,0.10002,-5.26E-05,0.01
46,1,0.4,0,0.10001,-5.26E-05,0.01
46,1,0.45,0,0.10001,-5.26E-05,0.01
46,1,0.5,0,0.099999,-5.14E-05,0.01
46,1,0.55,0,0.099993,-4.96E-05,0.01
46,1,0.6,0,0.099987,-4.70E-05,0.01
46,1,0.65,0,0.099981,-4.49E-05,0.01
46,1,0.7,0,0.099974,-4.02E-05,0.01
46,1,0.75,0,0.099968,-3.86E-05,0.01
46,1,0.8,0,0.099961,-3.17E-05,0.01
46,1,0.85,0,0.099955,-3.00E-05,0.01
46,1,0.9,0,0.099948,-1.99E-05,0.01
46,1,0.95,0,0.09994,-1.64E-05,0.01
46,1,1,0,0.099936,-3.08E-05,0.01
47,1,0,0,0.10005,-3.08E-05,0.01
47,1,0.05,0,0.10005,-1.63E-05,0.01
47,1,0.1,0,0.10004,-1.97E-05,0.01
47,1,0.15,0,0.10003,-2.98E-05,0.01
47,1,0.2,0,0.10003,-3.13E-05,0.01
47,1,0.25,0,0.10002,-3.82E-05,0.01
47,1,0.3,0,0.10002,-3.98E-05,0.01
47,1,0.35,0,0.10001,-4.44E-05,0.01
47,1,0.4,0,0.10001,-4.65E-05,0.01
47,1,0.45,0,0.1,-4.92E-05,0.01
47,1,0.5,0,0.099995,-5.09E-05,0.01
47,1,0.55,0,0.099989,-5.22E-05,0.01
47,1,0.6,0,0.099983,-5.22E-05,0.01
47,1,0.65,0,0.099976,-5.22E-05,0.01
47,1,0.7,0,0.09997,-4.90E-05,0.01
47,1,0.75,0,0.099963,-4.78E-05,0.01
47,1,0.8,0,0.099957,-4.05E-05,0.01
47,1,0.85,0,0.09995,-3.76E-05,0.01
47,1,0.9,0,0.099944,-2.54E-05,0.01
47,1,0.95,0,0.099936,-1.94E-05,0.01
47,1,1,0,0.099932,-3.26E-05,0.01
48,1,0,0,0.10006,-3.15E-05,0.01
48,1,0.05,0,0.10005,-1.76E-05,0.01
48,1,0.1,0,0.10004,-2.21E-05,0.01
48,1,0.15,0,0.10004,-3.31E-05,0.01
48,1,0.2,0,0.10003,-3.52E-05,0.01
48,1,0.25,0,0.10002,-4.22E-05,0.01
48,1,0.3,0,0.10002,-4.35E-05,0.01
48,1,0.35,0,0.10001,-4.75E-05,0.01
48,1,0.4,0,0.10001,-4.86E-05,0.01
48,1,0.45,0,0.1,-5.01E-05,0.01
48,1,0.5,0,0.099994,-5.06E-05,0.01
48,1,0.55,0,0.099989,-5.06E-05,0.01
48,1,0.6,0,0.099983,-4.95E-05,0.01
48,1,0.65,0,0.099977,-4.86E-05,0.01
48,1,0.7,0,0.099971,-4.48E-05,0.01
48,1,0.75,0,0.099965,-4.35E-05,0.01
48,1,0.8,0,0.099959,-3.63E-05,0.01
48,1,0.85,0,0.099953,-3.41E-05,0.01
48,1,0.9,0,0.099947,-2.28E-05,0.01
48,1,0.95,0,0.09994,-1.80E-05,0.01
48,1,1,0,0.099935,-3.19E-05,0.01
49,1,0,0,0.10006,-3.26E-05,0.01
49,1,0.05,0,0.10006,-1.92E-05,0.01
49,1,0.1,0,0.10005,-2.49E-05,0.01
49,1,0.15,0,0.10004,-3.71E-05,0.01
49,1,0.2,0,0.10004,-3.99E-05,0.01
49,1,0.25,0,0.10003,-4.72E-05,0.01
49,1,0.3,0,0.10002,-4.83E-05,0.01
49,1,0.35,0,0.10002,-5.16E-05,0.01
49,1,0.4,0,0.10001,-5.16E-05,0.01
49,1,0.45,0,0.1,-5.17E-05,0.01
49,1,0.5,0,0.099997,-5.06E-05,0.01
49,1,0.55,0,0.099991,-4.90E-05,0.01
49,1,0.6,0,0.099986,-4.65E-05,0.01
49,1,0.65,0,0.09998,-4.45E-05,0.01
49,1,0.7,0,0.099974,-4.00E-05,0.01
49,1,0.75,0,0.099969,-3.85E-05,0.01
49,1,0.8,0,0.099963,-3.17E-05,0.01
49,1,0.85,0,0.099957,-3.01E-05,0.01
49,1,0.9,0,0.099952,-2.00E-05,0.01
49,1,0.95,0,0.099945,-1.64E-05,0.01
49,1,1,0,0.09994,-3.09E-05,0.01
50,1,0,0,0.10006,-3.14E-05,0.01
50,1,0.05,0,0.10006,-1.71E-05,0.01
50,1,0.1,0,0.10005,-2.12E-05,0.01
50,1,0.15,0,0.10004,-3.19E-05,0.01
50,1,0.2,0,0.10004,-3.38E-05,0.01
50,1,0.25,0,0.10003,-4.08E-05,0.01
50,1,0.3,0,0.10003,-4.23E-05,0.01
50,1,0.35,0,0.10002,-4.65E-05,0.01
50,1,0.4,0,0.10002,-4.80E-05,0.01
50,1,0.45,0,0.10001,-5.00E-05,0.01
50,1,0.5,0,0.1,-5.10E-05,0.01
50,1,0.55,0,0.099998,-5.14E-05,0.01
50,1,0.6,0,0.099992,-5.07E-05,0.01
50,1,0.65,0,0.099985,-5.01E-05,0.01
50,1,0.7,0,0.099979,-4.66E-05,0.01
50,1,0.75,0,0.099972,-4.53E-05,0.01
50,1,0.8,0,0.099965,-3.81E-05,0.01
50,1,0.85,0,0.099958,-3.55E-05,0.01
50,1,0.9,0,0.099952,-2.39E-05,0.01
50,1,0.95,0,0.099944,-1.86E-05,0.01
50,1,1,0,0.09994,-3.21E-05,0.01
51,1,0,0,0.10006,-3.13E-05,0.01
51,1,0.05,0,0.10006,-1.72E-05,0.01
51,1,0.1,0,0.10005,-2.14E-05,0.01
51,1,0.15,0,0.10005,-3.22E-05,0.01
51,1,0.2,0,0.10004,-3.42E-05,0.01
51,1,0.25,0,0.10003,-4.12E-05,0.01
51,1,0.3,0,0.10003,-4.27E-05,0.01
51,1,0.35,0,0.10002,-4.69E-05,0.01
51,1,0.4,0,0.10001,-4.84E-05,0.01
51,1,0.45,0,0.10001,-5.04E-05,0.01
51,1,0.5,0,0.1,-5.13E-05,0.01
51,1,0.55,0,0.099998,-5.16E-05,0.01
51,1,0.6,0,0.099992,-5.08E-05,0.01
51,1,0.65,0,0.099986,-5.02E-05,0.01
51,1,0.7,0,0.099979,-4.66E-05,0.01
51,1,0.75,0,0.099973,-4.53E-05,0.01
51,1,0.8,0,0.099967,-3.81E-05,0.01
51,1,0.85,0,0.099961,-3.56E-05,0.01
51,1,0.9,0,0.099955,-2.39E-05,0.01
51,1,0.95,0,0.099947,-1.86E-05,0.01
51,1,1,0,0.099943,-3.22E-05,0.01
52,1,0,0,0.10006,-3.24E-05,0.01
52,1,0.05,0,0.10006,-1.89E-05,0.01
52,1,0.1,0,0.10005,-2.45E-05,0.01
52,1,0.15,0,0.10004,-3.64E-05,0.01
52,1,0.2,0,0.10004,-3.92E-05,0.01
52,1,0.25,0,0.10003,-4.64E-05,0.01
52,1,0.3,0,0.10002,-4.77E-05,0.01
52,1,0.35,0,0.10002,-5.12E-05,0.01
52,1,0.4,0,0.10001,-5.15E-05,0.01
52,1,0.45,0,0.10001,-5.20E-05,0.01
52,1,0.5,0,0.1,-5.12E-05,0.01
52,1,0.55,0,0.099994,-5.00E-05,0.01
52,1,0.6,0,0.099988,-4.78E-05,0.01
52,1,0.65,0,0.099983,-4.60E-05,0.01
52,1,0.7,0,0.099977,-4.17E-05,0.01
52,1,0.75,0,0.099971,-4.01E-05,0.01
52,1,0.8,0,0.099966,-3.31E-05,0.01
52,1,0.85,0,0.09996,-3.13E-05,0.01
52,1,0.9,0,0.099954,-2.08E-05,0.01
52,1,0.95,0,0.099947,-1.69E-05,0.01
52,1,1,0,0.099943,-3.12E-05,0.01
53,1,0,0,0.10006,-3.17E-05,0.01
53,1,0.05,0,0.10006,-1.77E-05,0.01
53,1,0.1,0,0.10005,-2.23E-05,0.01
53,1,0.15,0,0.10004,-3.34E-05,0.01
53,1,0.2,0,0.10004,-3.56E-05,0.01
53,1,0.25,0,0.10003,-4.27E-05,0.01
53,1,0.3,0,0.10002,-4.41E-05,0.01
53,1,0.35,0,0.10002,-4.80E-05,0.01
53,1,0.4,0,0.10001,-4.91E-05,0.01
53,1,0.45,0,0.10001,-5.06E-05,0.01
53,1,0.5,0,0.1,-5.10E-05,0.01
53,1,0.55,0,0.099996,-5.08E-05,0.01
53,1,0.6,0,0.09999,-4.96E-05,0.01
53,1,0.65,0,0.099984,-4.87E-05,0.01
53,1,0.7,0,0.099977,-4.48E-05,0.01
53,1,0.75,0,0.099971,-4.34E-05,0.01
53,1,0.8,0,0.099965,-3.63E-05,0.01
53,1,0.85,0,0.099959,-3.40E-05,0.01
53,1,0.9,0,0.099952,-2.28E-05,0.01
53,1,0.95,0,0.099945,-1.80E-05,0.01
53,1,1,0,0.099941,-3.18E-05,0.01
54,1,0,0,0.10006,-3.12E-05,0.01
54,1,0.05,0,0.10006,-1.71E-05,0.01
54,1,0.1,0,0.10005,-2.11E-05,0.01
54,1,0.15,0,0.10004,-3.17E-05,0.01
54,1,0.2,0,0.10004,-3.37E-05,0.01
54,1,0.25,0,0.10003,-4.06E-05,0.01
54,1,0.3,0,0.10003,-4.21E-05,0.01
54,1,0.35,0,0.10002,-4.63E-05,0.01
54,1,0.4,0,0.10002,-4.78E-05,0.01
54,1,0.45,0,0.10001,-4.98E-05,0.01
54,1,0.5,0,0.10001,-5.08E-05,0.01
54,1,0.55,0,0.099999,-5.12E-05,0.01
54,1,0.6,0,0.099992,-5.05E-05,0.01
54,1,0.65,0,0.099986,-5.00E-05,0.01
54,1,0.7,0,0.09998,-4.64E-05,0.01
54,1,0.75,0,0.099973,-4.52E-05,0.01
54,1,0.8,0,0.099967,-3.80E-05,0.01
54,1,0.85,0,0.09996,-3.55E-05,0.01
54,1,0.9,0,0.099954,-2.38E-05,0.01
54,1,0.95,0,0.099946,-1.86E-05,0.01
54,1,1,0,0.099941,-3.21E-05,0.01
55,1,0,0,0.10007,-3.20E-05,0.01
55,1,0.05,0,0.10006,-1.84E-05,0.01
55,1,0.1,0,0.10005,-2.35E-05,0.01
55,1,0.15,0,0.10005,-3.51E-05,0.01
55,1,0.2,0,0.10004,-3.76E-05,0.01
55,1,0.25,0,0.10003,-4.47E-05,0.01
55,1,0.3,0,0.10003,-4.60E-05,0.01
55,1,0.35,0,0.10002,-4.96E-05,0.01
55,1,0.4,0,0.10001,-5.02E-05,0.01
55,1,0.45,0,0.10001,-5.11E-05,0.01
55,1,0.5,0,0.1,-5.08E-05,0.01
55,1,0.55,0,0.099995,-5.00E-05,0.01
55,1,0.6,0,0.099989,-4.81E-05,0.01
55,1,0.65,0,0.099984,-4.68E-05,0.01
55,1,0.7,0,0.099978,-4.26E-05,0.01
55,1,0.75,0,0.099973,-4.11E-05,0.01
55,1,0.8,0,0.099967,-3.42E-05,0.01
55,1,0.85,0,0.099961,-3.22E-05,0.01
55,1,0.9,0,0.099956,-2.15E-05,0.01
55,1,0.95,0,0.099949,-1.72E-05,0.01
55,1,1,0,0.099944,-3.13E-05,0.01
56,1,0,0,0.10006,-3.18E-05,0.01
56,1,0.05,0,0.10006,-1.81E-05,0.01
56,1,0.1,0,0.10005,-2.30E-05,0.01
56,1,0.15,0,0.10004,-3.43E-05,0.01
56,1,0.2,0,0.10004,-3.67E-05,0.01
56,1,0.25,0,0.10003,-4.38E-05,0.01
56,1,0.3,0,0.10002,-4.52E-05,0.01
56,1,0.35,0,0.10002,-4.90E-05,0.01
56,1,0.4,0,0.10001,-4.98E-05,0.01
56,1,0.45,0,0.10001,-5.10E-05,0.01
56,1,0.5,0,0.1,-5.10E-05,0.01
56,1,0.55,0,0.099995,-5.05E-05,0.01
56,1,0.6,0,0.099989,-4.89E-05,0.01
56,1,0.65,0,0.099983,-4.78E-05,0.01
56,1,0.7,0,0.099977,-4.38E-05,0.01
56,1,0.75,0,0.099971,-4.23E-05,0.01
56,1,0.8,0,0.099964,-3.53E-05,0.01
56,1,0.85,0,0.099958,-3.31E-05,0.01
56,1,0.9,0,0.099952,-2.22E-05,0.01
56,1,0.95,0,0.099945,-1.76E-05,0.01
56,1,1,0,0.09994,-3.15E-05,0.01
57,1,0,0,0.10006,-3.13E-05,0.01
57,1,0.05,0,0.10005,-1.73E-05,0.01
57,1,0.1,0,0.10005,-2.15E-05,0.01
57,1,0.15,0,0.10004,-3.23E-05,0.01
57,1,0.2,0,0.10003,-3.43E-05,0.01
57,1,0.25,0,0.10003,-4.13E-05,0.01
57,1,0.3,0,0.10002,-4.28E-05,0.01
57,1,0.35,0,0.10002,-4.70E-05,0.01
57,1,0.4,0,0.10001,-4.84E-05,0.01
57,1,0.45,0,0.10001,-5.03E-05,0.01
57,1,0.5,0,0.1,-5.11E-05,0.01
57,1,0.55,0,0.099995,-5.14E-05,0.01
57,1,0.6,0,0.099988,-5.06E-05,0.01
57,1,0.65,0,0.099982,-5.00E-05,0.01
57,1,0.7,0,0.099976,-4.63E-05,0.01
57,1,0.75,0,0.099969,-4.50E-05,0.01
57,1,0.8,0,0.099963,-3.78E-05,0.01
57,1,0.85,0,0.099956,-3.53E-05,0.01
57,1,0.9,0,0.099949,-2.37E-05,0.01
57,1,0.95,0,0.099942,-1.85E-05,0.01
57,1,1,0,0.099937,-3.21E-05,0.01
58,1,0,0,0.10006,-3.18E-05,0.01
58,1,0.05,0,0.10006,-1.80E-05,0.01
58,1,0.1,0,0.10005,-2.29E-05,0.01
58,1,0.15,0,0.10004,-3.42E-05,0.01
58,1,0.2,0,0.10003,-3.66E-05,0.01
58,1,0.25,0,0.10003,-4.36E-05,0.01
58,1,0.3,0,0.10002,-4.51E-05,0.01
58,1,0.35,0,0.10002,-4.89E-05,0.01
58,1,0.4,0,0.10001,-4.98E-05,0.01
58,1,0.45,0,0.1,-5.10E-05,0.01
58,1,0.5,0,0.099997,-5.11E-05,0.01
58,1,0.55,0,0.099991,-5.07E-05,0.01
58,1,0.6,0,0.099985,-4.92E-05,0.01
58,1,0.65,0,0.09998,-4.81E-05,0.01
58,1,0.7,0,0.099974,-4.41E-05,0.01
58,1,0.75,0,0.099968,-4.26E-05,0.01
58,1,0.8,0,0.099963,-3.56E-05,0.01
58,1,0.85,0,0.099957,-3.34E-05,0.01
58,1,0.9,0,0.099951,-2.23E-05,0.01
58,1,0.95,0,0.099944,-1.77E-05,0.01
58,1,1,0,0.099939,-3.16E-05,0.01
59,1,0,0,0.10006,-3.19E-05,0.01
59,1,0.05,0,0.10006,-1.83E-05,0.01
59,1,0.1,0,0.10005,-2.33E-05,0.01
59,1,0.15,0,0.10004,-3.47E-05,0.01
59,1,0.2,0,0.10003,-3.72E-05,0.01
59,1,0.25,0,0.10003,-4.43E-05,0.01
59,1,0.3,0,0.10002,-4.57E-05,0.01
59,1,0.35,0,0.10002,-4.94E-05,0.01
59,1,0.4,0,0.10001,-5.01E-05,0.01
59,1,0.45,0,0.10001,-5.11E-05,0.01
59,1,0.5,0,0.099999,-5.10E-05,0.01
59,1,0.55,0,0.099993,-5.03E-05,0.01
59,1,0.6,0,0.099987,-4.86E-05,0.01
59,1,0.65,0,0.099981,-4.73E-05,0.01
59,1,0.7,0,0.099975,-4.33E-05,0.01
59,1,0.75,0,0.099969,-4.18E-05,0.01
59,1,0.8,0,0.099963,-3.48E-05,0.01
59,1,0.85,0,0.099957,-3.27E-05,0.01
59,1,0.9,0,0.099951,-2.18E-05,0.01
59,1,0.95,0,0.099943,-1.75E-05,0.01
59,1,1,0,0.099939,-3.14E-05,0.01
60,1,0,0,0.10006,-3.14E-05,0.01
60,1,0.05,0,0.10005,-1.74E-05,0.01
60,1,0.1,0,0.10005,-2.18E-05,0.01
60,1,0.15,0,0.10004,-3.27E-05,0.01
60,1,0.2,0,0.10003,-3.48E-05,0.01
60,1,0.25,0,0.10003,-4.17E-05,0.01
60,1,0.3,0,0.10002,-4.32E-05,0.01
60,1,0.35,0,0.10002,-4.73E-05,0.01
60,1,0.4,0,0.10001,-4.85E-05,0.01
60,1,0.45,0,0.10001,-5.03E-05,0.01
60,1,0.5,0,0.1,-5.09E-05,0.01
60,1,0.55,0,0.099994,-5.10E-05,0.01
60,1,0.6,0,0.099988,-5.00E-05,0.01
60,1,0.65,0,0.099982,-4.92E-05,0.01
60,1,0.7,0,0.099976,-4.55E-05,0.01
60,1,0.75,0,0.099969,-4.42E-05,0.01
60,1,0.8,0,0.099963,-3.71E-05,0.01
60,1,0.85,0,0.099956,-3.47E-05,0.01
60,1,0.9,0,0.09995,-2.32E-05,0.01
60,1,0.95,0,0.099943,-1.82E-05,0.01
60,1,1,0,0.099938,-3.19E-05,0.01
61,1,0,0,0.10006,-3.16E-05,0.01
61,1,0.05,0,0.10005,-1.78E-05,0.01
61,1,0.1,0,0.10005,-2.24E-05,0.01
61,1,0.15,0,0.10004,-3.35E-05,0.01
61,1,0.2,0,0.10003,-3.57E-05,0.01
61,1,0.25,0,0.10003,-4.27E-05,0.01
61,1,0.3,0,0.10002,-4.42E-05,0.01
61,1,0.35,0,0.10002,-4.81E-05,0.01
61,1,0.4,0,0.10001,-4.91E-05,0.01
61,1,0.45,0,0.1,-5.06E-05,0.01
61,1,0.5,0,0.099998,-5.09E-05,0.01
61,1,0.55,0,0.099992,-5.07E-05,0.01
61,1,0.6,0,0.099986,-4.94E-05,0.01
61,1,0.65,0,0.09998,-4.84E-05,0.01
61,1,0.7,0,0.099974,-4.46E-05,0.01
61,1,0.75,0,0.099969,-4.32E-05,0.01
61,1,0.8,0,0.099963,-3.61E-05,0.01
61,1,0.85,0,0.099956,-3.39E-05,0.01
61,1,0.9,0,0.099951,-2.27E-05,0.01
61,1,0.95,0,0.099943,-1.79E-05,0.01
61,1,1,0,0.099938,-3.17E-05,0.01
62,1,0,0,0.10006,-3.19E-05,0.01
62,1,0.05,0,0.10006,-1.82E-05,0.01
62,1,0.1,0,0.10005,-2.32E-05,0.01
62,1,0.15,0,0.10004,-3.47E-05,0.01
62,1,0.2,0,0.10003,-3.71E-05,0.01
62,1,0.25,0,0.10003,-4.42E-05,0.01
62,1,0.3,0,0.10002,-4.56E-05,0.01
62,1,0.35,0,0.10002,-4.93E-05,0.01
62,1,0.4,0,0.10001,-5.00E-05,0.01
62,1,0.45,0,0.1,-5.11E-05,0.01
62,1,0.5,0,0.099998,-5.09E-05,0.01
62,1,0.55,0,0.099992,-5.04E-05,0.01
62,1,0.6,0,0.099986,-4.87E-05,0.01
62,1,0.65,0,0.09998,-4.74E-05,0.01
62,1,0.7,0,0.099975,-4.34E-05,0.01
62,1,0.75,0,0.099969,-4.19E-05,0.01
62,1,0.8,0,0.099963,-3.49E-05,0.01
62,1,0.85,0,0.099956,-3.28E-05,0.01
62,1,0.9,0,0.099951,-2.19E-05,0.01
62,1,0.95,0,0.099943,-1.75E-05,0.01
62,1,1,0,0.099938,-3.14E-05,0.01
63,1,0,0,0.10006,-3.16E-05,0.01
63,1,0.05,0,0.10005,-1.77E-05,0.01
63,1,0.1,0,0.10005,-2.23E-05,0.01
63,1,0.15,0,0.10004,-3.33E-05,0.01
63,1,0.2,0,0.10003,-3.55E-05,0.01
63,1,0.25,0,0.10003,-4.26E-05,0.01
63,1,0.3,0,0.10002,-4.41E-05,0.01
63,1,0.35,0,0.10002,-4.80E-05,0.01
63,1,0.4,0,0.10001,-4.91E-05,0.01
63,1,0.45,0,0.10001,-5.07E-05,0.01
63,1,0.5,0,0.1,-5.10E-05,0.01
63,1,0.55,0,0.099994,-5.10E-05,0.01
63,1,0.6,0,0.099988,-4.97E-05,0.01
63,1,0.65,0,0.099982,-4.88E-05,0.01
63,1,0.7,0,0.099976,-4.50E-05,0.01
63,1,0.75,0,0.099969,-4.36E-05,0.01
63,1,0.8,0,0.099963,-3.65E-05,0.01
63,1,0.85,0,0.099957,-3.42E-05,0.01
63,1,0.9,0,0.099951,-2.29E-05,0.01
63,1,0.95,0,0.099943,-1.80E-05,0.01
63,1,1,0,0.099938,-3.18E-05,0.01
64,1,0,0,0.10006,-3.16E-05,0.01
64,1,0.05,0,0.10006,-1.77E-05,0.01
64,1,0.1,0,0.10005,-2.22E-05,0.01
64,1,0.15,0,0.10004,-3.32E-05,0.01
64,1,0.2,0,0.10004,-3.54E-05,0.01
64,1,0.25,0,0.10003,-4.25E-05,0.01
64,1,0.3,0,0.10002,-4.40E-05,0.01
64,1,0.35,0,0.10002,-4.79E-05,0.01
64,1,0.4,0,0.10001,-4.91E-05,0.01
64,1,0.45,0,0.10001,-5.06E-05,0.01
64,1,0.5,0,0.1,-5.10E-05,0.01
64,1,0.55,0,0.099994,-5.10E-05,0.01
64,1,0.6,0,0.099988,-4.98E-05,0.01
64,1,0.65,0,0.099982,-4.89E-05,0.01
64,1,0.7,0,0.099976,-4.52E-05,0.01
64,1,0.75,0,0.09997,-4.37E-05,0.01
64,1,0.8,0,0.099964,-3.66E-05,0.01
64,1,0.85,0,0.099958,-3.43E-05,0.01
64,1,0.9,0,0.099952,-2.29E-05,0.01
64,1,0.95,0,0.099945,-1.81E-05,0.01
64,1,1,0,0.09994,-3.18E-05,0.01
65,1,0,0,0.10006,-3.19E-05,0.01
65,1,0.05,0,0.10006,-1.81E-05,0.01
65,1,0.1,0,0.10005,-2.30E-05,0.01
65,1,0.15,0,0.10004,-3.44E-05,0.01
65,1,0.2,0,0.10004,-3.68E-05,0.01
65,1,0.25,0,0.10003,-4.39E-05,0.01
65,1,0.3,0,0.10002,-4.53E-05,0.01
65,1,0.35,0,0.10002,-4.90E-05,0.01
65,1,0.4,0,0.10001,-4.98E-05,0.01
65,1,0.45,0,0.10001,-5.10E-05,0.01
65,1,0.5,0,0.1,-5.09E-05,0.01
65,1,0.55,0,0.099995,-5.05E-05,0.01
65,1,0.6,0,0.099989,-4.88E-05,0.01
65,1,0.65,0,0.099983,-4.76E-05,0.01
65,1,0.7,0,0.099977,-4.37E-05,0.01
65,1,0.75,0,0.099971,-4.22E-05,0.01
65,1,0.8,0,0.099965,-3.52E-05,0.01
65,1,0.85,0,0.099959,-3.30E-05,0.01
65,1,0.9,0,0.099953,-2.21E-05,0.01
65,1,0.95,0,0.099945,-1.76E-05,0.01
65,1,1,0,0.099941,-3.15E-05,0.01
66,1,0,0,0.10006,-3.17E-05,0.01
66,1,0.05,0,0.10006,-1.79E-05,0.01
66,1,0.1,0,0.10005,-2.25E-05,0.01
66,1,0.15,0,0.10004,-3.37E-05,0.01
66,1,0.2,0,0.10004,-3.59E-05,0.01
66,1,0.25,0,0.10003,-4.30E-05,0.01
66,1,0.3,0,0.10002,-4.44E-05,0.01
66,1,0.35,0,0.10002,-4.83E-05,0.01
66,1,0.4,0,0.10001,-4.93E-05,0.01
66,1,0.45,0,0.10001,-5.07E-05,0.01
66,1,0.5,0,0.1,-5.09E-05,0.01
66,1,0.55,0,0.099995,-5.07E-05,0.01
66,1,0.6,0,0.099989,-4.93E-05,0.01
66,1,0.65,0,0.099983,-4.83E-05,0.01
66,1,0.7,0,0.099977,-4.44E-05,0.01
66,1,0.75,0,0.099971,-4.30E-05,0.01
66,1,0.8,0,0.099964,-3.60E-05,0.01
66,1,0.85,0,0.099958,-3.37E-05,0.01
66,1,0.9,0,0.099952,-2.25E-05,0.01
66,1,0.95,0,0.099945,-1.79E-05,0.01
66,1,1,0,0.09994,-3.17E-05,0.01
67,1,0,0,0.10006,-3.16E-05,0.01
67,1,0.05,0,0.10006,-1.76E-05,0.01
67,1,0.1,0,0.10005,-2.21E-05,0.01
67,1,0.15,0,0.10004,-3.31E-05,0.01
67,1,0.2,0,0.10004,-3.53E-05,0.01
67,1,0.25,0,0.10003,-4.23E-05,0.01
67,1,0.3,0,0.10002,-4.38E-05,0.01
67,1,0.35,0,0.10002,-4.77E-05,0.01
67,1,0.4,0,0.10001,-4.89E-05,0.01
67,1,0.45,0,0.10001,-5.05E-05,0.01
67,1,0.5,0,0.1,-5.09E-05,0.01
67,1,0.55,0,0.099995,-5.09E-05,0.01
67,1,0.6,0,0.099989,-4.97E-05,0.01
67,1,0.65,0,0.099983,-4.88E-05,0.01
67,1,0.7,0,0.099977,-4.51E-05,0.01
67,1,0.75,0,0.09997,-4.37E-05,0.01
67,1,0.8,0,0.099964,-3.66E-05,0.01
67,1,0.85,0,0.099958,-3.43E-05,0.01
67,1,0.9,0,0.099952,-2.29E-05,0.01
67,1,0.95,0,0.099944,-1.81E-05,0.01
67,1,1,0,0.09994,-3.19E-05,0.01
68,1,0,0,0.10006,-3.18E-05,0.01
68,1,0.05,0,0.10006,-1.80E-05,0.01
68,1,0.1,0,0.10005,-2.28E-05,0.01
68,1,0.15,0,0.10004,-3.41E-05,0.01
68,1,0.2,0,0.10004,-3.64E-05,0.01
68,1,0.25,0,0.10003,-4.35E-05,0.01
68,1,0.3,0,0.10002,-4.49E-05,0.01
68,1,0.35,0,0.10002,-4.87E-05,0.01
68,1,0.4,0,0.10001,-4.96E-05,0.01
68,1,0.45,0,0.10001,-5.09E-05,0.01
68,1,0.5,0,0.1,-5.10E-05,0.01
68,1,0.55,0,0.099995,-5.06E-05,0.01
68,1,0.6,0,0.099989,-4.91E-05,0.01
68,1,0.65,0,0.099983,-4.80E-05,0.01
68,1,0.7,0,0.099977,-4.40E-05,0.01
68,1,0.75,0,0.099971,-4.26E-05,0.01
68,1,0.8,0,0.099965,-3.55E-05,0.01
68,1,0.85,0,0.099958,-3.33E-05,0.01
68,1,0.9,0,0.099953,-2.23E-05,0.01
68,1,0.95,0,0.099945,-1.77E-05,0.01
68,1,1,0,0.09994,-3.16E-05,0.01
69,1,0,0,0.10006,-3.18E-05,0.01
69,1,0.05,0,0.10006,-1.80E-05,0.01
69,1,0.1,0,0.10005,-2.27E-05,0.01
69,1,0.15,0,0.10004,-3.40E-05,0.01
69,1,0.2,0,0.10004,-3.63E-05,0.01
69,1,0.25,0,0.10003,-4.33E-05,0.01
69,1,0.3,0,0.10002,-4.48E-05,0.01
69,1,0.35,0,0.10002,-4.86E-05,0.01
69,1,0.4,0,0.10001,-4.96E-05,0.01
69,1,0.45,0,0.10001,-5.09E-05,0.01
69,1,0.5,0,0.1,-5.10E-05,0.01
69,1,0.55,0,0.099995,-5.07E-05,0.01
69,1,0.6,0,0.099989,-4.92E-05,0.01
69,1,0.65,0,0.099983,-4.82E-05,0.01
69,1,0.7,0,0.099977,-4.43E-05,0.01
69,1,0.75,0,0.099971,-4.28E-05,0.01
69,1,0.8,0,0.099965,-3.58E-05,0.01
69,1,0.85,0,0.099958,-3.35E-05,0.01
69,1,0.9,0,0.099952,-2.24E-05,0.01
69,1,0.95,0,0.099945,-1.78E-05,0.01
69,1,1,0,0.09994,-3.17E-05,0.01
70,1,0,0,0.10006,-3.16E-05,0.01
70,1,0.05,0,0.10006,-1.77E-05,0.01
70,1,0.1,0,0.10005,-2.22E-05,0.01
70,1,0.15,0,0.10004,-3.33E-05,0.01
70,1,0.2,0,0.10004,-3.55E-05,0.01
70,1,0.25,0,0.10003,-4.25E-05,0.01
70,1,0.3,0,0.10002,-4.40E-05,0.01
70,1,0.35,0,0.10002,-4.79E-05,0.01
70,1,0.4,0,0.10001,-4.91E-05,0.01
70,1,0.45,0,0.10001,-5.06E-05,0.01
70,1,0.5,0,0.1,-5.10E-05,0.01
70,1,0.55,0,0.099995,-5.09E-05,0.01
70,1,0.6,0,0.099989,-4.97E-05,0.01
70,1,0.65,0,0.099983,-4.88E-05,0.01
70,1,0.7,0,0.099977,-4.50E-05,0.01
70,1,0.75,0,0.09997,-4.36E-05,0.01
70,1,0.8,0,0.099964,-3.65E-05,0.01
70,1,0.85,0,0.099958,-3.42E-05,0.01
70,1,0.9,0,0.099952,-2.29E-05,0.01
70,1,0.95,0,0.099944,-1.80E-05,0.01
70,1,1,0,0.099939,-3.19E-05,0.01
71,1,0,0,0.10006,-3.18E-05,0.01
71,1,0.05,0,0.10006,-1.79E-05,0.01
71,1,0.1,0,0.10005,-2.26E-05,0.01
71,1,0.15,0,0.10004,-3.38E-05,0.01
71,1,0.2,0,0.10004,-3.61E-05,0.01
71,1,0.25,0,0.10003,-4.32E-05,0.01
71,1,0.3,0,0.10002,-4.46E-05,0.01
71,1,0.35,0,0.10002,-4.84E-05,0.01
71,1,0.4,0,0.10001,-4.94E-05,0.01
71,1,0.45,0,0.10001,-5.08E-05,0.01
71,1,0.5,0,0.1,-5.10E-05,0.01
71,1,0.55,0,0.099994,-5.07E-05,0.01
71,1,0.6,0,0.099988,-4.93E-05,0.01
71,1,0.65,0,0.099982,-4.82E-05,0.01
71,1,0.7,0,0.099976,-4.44E-05,0.01
71,1,0.75,0,0.09997,-4.29E-05,0.01
71,1,0.8,0,0.099964,-3.59E-05,0.01
71,1,0.85,0,0.099957,-3.36E-05,0.01
71,1,0.9,0,0.099952,-2.25E-05,0.01
71,1,0.95,0,0.099944,-1.78E-05,0.01
71,1,1,0,0.099939,-3.18E-05,0.01
72,1,0,0,0.10006,-3.18E-05,0.01
72,1,0.05,0,0.10006,-1.80E-05,0.01
72,1,0.1,0,0.10005,-2.27E-05,0.01
72,1,0.15,0,0.10004,-3.40E-05,0.01
72,1,0.2,0,0.10004,-3.63E-05,0.01
72,1,0.25,0,0.10003,-4.34E-05,0.01
72,1,0.3,0,0.10002,-4.48E-05,0.01
72,1,0.35,0,0.10002,-4.86E-05,0.01
72,1,0.4,0,0.10001,-4.95E-05,0.01
72,1,0.45,0,0.10001,-5.08E-05,0.01
72,1,0.5,0,0.099999,-5.09E-05,0.01
72,1,0.55,0,0.099994,-5.06E-05,0.01
72,1,0.6,0,0.099988,-4.91E-05,0.01
72,1,0.65,0,0.099982,-4.80E-05,0.01
72,1,0.7,0,0.099976,-4.41E-05,0.01
72,1,0.75,0,0.09997,-4.26E-05,0.01
72,1,0.8,0,0.099964,-3.56E-05,0.01
72,1,0.85,0,0.099957,-3.34E-05,0.01
72,1,0.9,0,0.099951,-2.23E-05,0.01
72,1,0.95,0,0.099944,-1.77E-05,0.01
72,1,1,0,0.099939,-3.17E-05,0.01
73,1,0,0,0.10006,-3.17E-05,0.01
73,1,0.05,0,0.10006,-1.78E-05,0.01
73,1,0.1,0,0.10005,-2.23E-05,0.01
73,1,0.15,0,0.10004,-3.35E-05,0.01
73,1,0.2,0,0.10004,-3.56E-05,0.01
73,1,0.25,0,0.10003,-4.27E-05,0.01
73,1,0.3,0,0.10002,-4.41E-05,0.01
73,1,0.35,0,0.10002,-4.80E-05,0.01
73,1,0.4,0,0.10001,-4.91E-05,0.01
73,1,0.45,0,0.10001,-5.06E-05,0.01
73,1,0.5,0,0.1,-5.09E-05,0.01
73,1,0.55,0,0.099994,-5.08E-05,0.01
73,1,0.6,0,0.099988,-4.95E-05,0.01
73,1,0.65,0,0.099982,-4.86E-05,0.01
73,1,0.7,0,0.099976,-4.48E-05,0.01
73,1,0.75,0,0.09997,-4.33E-05,0.01
73,1,0.8,0,0.099964,-3.63E-05,0.01
73,1,0.85,0,0.099957,-3.40E-05,0.01
73,1,0.9,0,0.099951,-2.27E-05,0.01
73,1,0.95,0,0.099944,-1.80E-05,0.01
73,1,1,0,0.099939,-3.18E-05,0.01
74,1,0,0,0.10006,-3.17E-05,0.01
74,1,0.05,0,0.10006,-1.78E-05,0.01
74,1,0.1,0,0.10005,-2.25E-05,0.01
74,1,0.15,0,0.10004,-3.37E-05,0.01
74,1,0.2,0,0.10004,-3.59E-05,0.01
74,1,0.25,0,0.10003,-4.30E-05,0.01
74,1,0.3,0,0.10002,-4.44E-05,0.01
74,1,0.35,0,0.10002,-4.83E-05,0.01
74,1,0.4,0,0.10001,-4.93E-05,0.01
74,1,0.45,0,0.10001,-5.07E-05,0.01
74,1,0.5,0,0.1,-5.10E-05,0.01
74,1,0.55,0,0.099994,-5.08E-05,0.01
74,1,0.6,0,0.099988,-4.94E-05,0.01
74,1,0.65,0,0.099982,-4.84E-05,0.01
74,1,0.7,0,0.099976,-4.46E-05,0.01
74,1,0.75,0,0.09997,-4.31E-05,0.01
74,1,0.8,0,0.099964,-3.61E-05,0.01
74,1,0.85,0,0.099957,-3.38E-05,0.01
74,1,0.9,0,0.099952,-2.26E-05,0.01
74,1,0.95,0,0.099944,-1.79E-05,0.01
74,1,1,0,0.099939,-3.18E-05,0.01
75,1,0,0,0.10006,-3.18E-05,0.01
75,1,0.05,0,0.10006,-1.80E-05,0.01
75,1,0.1,0,0.10005,-2.27E-05,0.01
75,1,0.15,0,0.10004,-3.40E-05,0.01
75,1,0.2,0,0.10004,-3.63E-05,0.01
75,1,0.25,0,0.10003,-4.34E-05,0.01
75,1,0.3,0,0.10002,-4.48E-05,0.01
75,1,0.35,0,0.10002,-4.86E-05,0.01
75,1,0.4,0,0.10001,-4.96E-05,0.01
75,1,0.45,0,0.10001,-5.09E-05,0.01
75,1,0.5,0,0.099999,-5.10E-05,0.01
75,1,0.55,0,0.099994,-5.07E-05,0.01
75,1,0.6,0,0.099988,-4.92E-05,0.01
75,1,0.65,0,0.099982,-4.81E-05,0.01
75,1,0.7,0,0.099976,-4.42E-05,0.01
75,1,0.75,0,0.09997,-4.27E-05,0.01
75,1,0.8,0,0.099964,-3.57E-05,0.01
75,1,0.85,0,0.099957,-3.35E-05,0.01
75,1,0.9,0,0.099951,-2.24E-05,0.01
75,1,0.95,0,0.099944,-1.78E-05,0.01
75,1,1,0,0.099939,-3.17E-05,0.01
76,1,0,0,0.10006,-3.17E-05,0.01
76,1,0.05,0,0.10006,-1.78E-05,0.01
76,1,0.1,0,0.10005,-2.25E-05,0.01
76,1,0.15,0,0.10004,-3.36E-05,0.01
76,1,0.2,0,0.10004,-3.59E-05,0.01
76,1,0.25,0,0.10003,-4.29E-05,0.01
76,1,0.3,0,0.10002,-4.44E-05,0.01
76,1,0.35,0,0.10002,-4.83E-05,0.01
76,1,0.4,0,0.10001,-4.93E-05,0.01
76,1,0.45,0,0.10001,-5.07E-05,0.01
76,1,0.5,0,0.1,-5.10E-05,0.01
76,1,0.55,0,0.099994,-5.08E-05,0.01
76,1,0.6,0,0.099988,-4.95E-05,0.01
76,1,0.65,0,0.099982,-4.85E-05,0.01
76,1,0.7,0,0.099976,-4.46E-05,0.01
76,1,0.75,0,0.09997,-4.32E-05,0.01
76,1,0.8,0,0.099964,-3.61E-05,0.01
76,1,0.85,0,0.099957,-3.38E-05,0.01
76,1,0.9,0,0.099951,-2.26E-05,0.01
76,1,0.95,0,0.099944,-1.79E-05,0.01
76,1,1,0,0.099939,-3.18E-05,0.01
77,1,0,0,0.10006,-3.17E-05,0.01
77,1,0.05,0,0.10006,-1.78E-05,0.01
77,1,0.1,0,0.10005,-2.24E-05,0.01
77,1,0.15,0,0.10004,-3.36E-05,0.01
77,1,0.2,0,0.10004,-3.58E-05,0.01
77,1,0.25,0,0.10003,-4.29E-05,0.01
77,1,0.3,0,0.10002,-4.43E-05,0.01
77,1,0.35,0,0.10002,-4.82E-05,0.01
77,1,0.4,0,0.10001,-4.92E-05,0.01
77,1,0.45,0,0.10001,-5.07E-05,0.01
77,1,0.5,0,0.1,-5.10E-05,0.01
77,1,0.55,0,0.099994,-5.08E-05,0.01
77,1,0.6,0,0.099988,-4.95E-05,0.01
77,1,0.65,0,0.099982,-4.85E-05,0.01
77,1,0.7,0,0.099976,-4.46E-05,0.01
77,1,0.75,0,0.09997,-4.32E-05,0.01
77,1,0.8,0,0.099964,-3.61E-05,0.01
77,1,0.85,0,0.099957,-3.39E-05,0.01
77,1,0.9,0,0.099952,-2.26E-05,0.01
77,1,0.95,0,0.099944,-1.79E-05,0.01
77,1,1,0,0.099939,-3.18E-05,0.01
78,1,0,0,0.10006,-3.18E-05,0.01
78,1,0.05,0,0.10006,-1.79E-05,0.01
78,1,0.1,0,0.10005,-2.27E-05,0.01
78,1,0.15,0,0.10004,-3.39E-05,0.01
78,1,0.2,0,0.10004,-3.62E-05,0.01
78,1,0.25,0,0.10003,-4.32E-05,0.01
78,1,0.3,0,0.10002,-4.47E-05,0.01
78,1,0.35,0,0.10002,-4.85E-05,0.01
78,1,0.4,0,0.10001,-4.95E-05,0.01
78,1,0.45,0,0.10001,-5.08E-05,0.01
78,1,0.5,0,0.1,-5.09E-05,0.01
78,1,0.55,0,0.099994,-5.06E-05,0.01
78,1,0.6,0,0.099988,-4.92E-05,0.01
78,1,0.65,0,0.099982,-4.81E-05,0.01
78,1,0.7,0,0.099976,-4.42E-05,0.01
78,1,0.75,0,0.09997,-4.28E-05,0.01
78,1,0.8,0,0.099964,-3.57E-05,0.01
78,1,0.85,0,0.099958,-3.35E-05,0.01
78,1,0.9,0,0.099952,-2.24E-05,0.01
78,1,0.95,0,0.099945,-1.78E-05,0.01
78,1,1,0,0.09994,-3.17E-05,0.01
79,1,0,0,0.10006,-3.18E-05,0.01
79,1,0.05,0,0.10006,-1.79E-05,0.01
79,1,0.1,0,0.10005,-2.25E-05,0.01
79,1,0.15,0,0.10004,-3.37E-05,0.01
79,1,0.2,0,0.10004,-3.60E-05,0.01
79,1,0.25,0,0.10003,-4.30E-05,0.01
79,1,0.3,0,0.10002,-4.45E-05,0.01
79,1,0.35,0,0.10002,-4.83E-05,0.01
79,1,0.4,0,0.10001,-4.94E-05,0.01
79,1,0.45,0,0.10001,-5.07E-05,0.01
79,1,0.5,0,0.1,-5.09E-05,0.01
79,1,0.55,0,0.099994,-5.07E-05,0.01
79,1,0.6,0,0.099988,-4.93E-05,0.01
79,1,0.65,0,0.099982,-4.83E-05,0.01
79,1,0.7,0,0.099976,-4.44E-05,0.01
79,1,0.75,0,0.09997,-4.30E-05,0.01
79,1,0.8,0,0.099964,-3.59E-05,0.01
79,1,0.85,0,0.099958,-3.37E-05,0.01
79,1,0.9,0,0.099952,-2.25E-05,0.01
79,1,0.95,0,0.099944,-1.79E-05,0.01
79,1,1,0,0.099939,-3.18E-05,0.01
80,1,0,0,0.10006,-3.17E-05,0.01
80,1,0.05,0,0.10006,-1.78E-05,0.01
80,1,0.1,0,0.10005,-2.24E-05,0.01
80,1,0.15,0,0.10004,-3.36E-05,0.01
80,1,0.2,0,0.10004,-3.58E-05,0.01
80,1,0.25,0,0.10003,-4.28E-05,0.01
80,1,0.3,0,0.10002,-4.43E-05,0.01
80,1,0.35,0,0.10002,-4.82E-05,0.01
80,1,0.4,0,0.10001,-4.92E-05,0.01
80,1,0.45,0,0.10001,-5.07E-05,0.01
80,1,0.5,0,0.1,-5.10E-05,0.01
80,1,0.55,0,0.099994,-5.08E-05,0.01
80,1,0.6,0,0.099988,-4.95E-05,0.01
80,1,0.65,0,0.099982,-4.85E-05,0.01
80,1,0.7,0,0.099976,-4.47E-05,0.01
80,1,0.75,0,0.09997,-4.32E-05,0.01
80,1,0.8,0,0.099964,-3.62E-05,0.01
80,1,0.85,0,0.099958,-3.39E-05,0.01
80,1,0.9,0,0.099952,-2.26E-05,0.01
80,1,0.95,0,0.099944,-1.79E-05,0.01
80,1,1,0,0.099939,-3.18E-05,0.01
81,1,0,0,0.10006,-3.18E-05,0.01
81,1,0.05,0,0.10006,-1.79E-05,0.01
81,1,0.1,0,0.10005,-2.26E-05,0.01
81,1,0.15,0,0.10004,-3.38E-05,0.01
81,1,0.2,0,0.10004,-3.61E-05,0.01
81,1,0.25,0,0.10003,-4.32E-05,0.01
81,1,0.3,0,0.10002,-4.46E-05,0.01
81,1,0.35,0,0.10002,-4.84E-05,0.01
81,1,0.4,0,0.10001,-4.94E-05,0.01
81,1,0.45,0,0.10001,-5.08E-05,0.01
81,1,0.5,0,0.1,-5.10E-05,0.01
81,1,0.55,0,0.099994,-5.07E-05,0.01
81,1,0.6,0,0.099988,-4.93E-05,0.01
81,1,0.65,0,0.099982,-4.83E-05,0.01
81,1,0.7,0,0.099976,-4.44E-05,0.01
81,1,0.75,0,0.09997,-4.29E-05,0.01
81,1,0.8,0,0.099964,-3.59E-05,0.01
81,1,0.85,0,0.099958,-3.37E-05,0.01
81,1,0.9,0,0.099952,-2.25E-05,0.01
81,1,0.95,0,0.099945,-1.78E-05,0.01
81,1,1,0,0.09994,-3.18E-05,0.01
82,1,0,0,0.10006,-3.18E-05,0.01
82,1,0.05,0,0.10006,-1.79E-05,0.01
82,1,0.1,0,0.10005,-2.26E-05,0.01
82,1,0.15,0,0.10004,-3.38E-05,0.01
82,1,0.2,0,0.10004,-3.61E-05,0.01
82,1,0.25,0,0.10003,-4.31E-05,0.01
82,1,0.3,0,0.10002,-4.46E-05,0.01
82,1,0.35,0,0.10002,-4.84E-05,0.01
82,1,0.4,0,0.10001,-4.94E-05,0.01
82,1,0.45,0,0.10001,-5.08E-05,0.01
82,1,0.5,0,0.1,-5.10E-05,0.01
82,1,0.55,0,0.099994,-5.07E-05,0.01
82,1,0.6,0,0.099988,-4.93E-05,0.01
82,1,0.65,0,0.099982,-4.83E-05,0.01
82,1,0.7,0,0.099976,-4.44E-05,0.01
82,1,0.75,0,0.09997,-4.30E-05,0.01
82,1,0.8,0,0.099964,-3.59E-05,0.01
82,1,0.85,0,0.099958,-3.37E-05,0.01
82,1,0.9,0,0.099952,-2.25E-05,0.01
82,1,0.95,0,0.099945,-1.78E-05,0.01
82,1,1,0,0.099939,-3.18E-05,0.01
83,1,0,0,0.10006,-3.17E-05,0.01
83,1,0.05,0,0.10006,-1.78E-05,0.01
83,1,0.1,0,0.10005,-2.25E-05,0.01
83,1,0.15,0,0.10004,-3.36E-05,0.01
83,1,0.2,0,0.10004,-3.58E-05,0.01
83,1,0.25,0,0.10003,-4.29E-05,0.01
83,1,0.3,0,0.10002,-4.43E-05,0.01
83,1,0.35,0,0.10002,-4.82E-05,0.01
83,1,0.4,0,0.10001,-4.93E-05,0.01
83,1,0.45,0,0.10001,-5.07E-05,0.01
83,1,0.5,0,0.1,-5.10E-05,0.01
83,1,0.55,0,0.099994,-5.08E-05,0.01
83,1,0.6,0,0.099988,-4.94E-05,0.01
83,1,0.65,0,0.099982,-4.84E-05,0.01
83,1,0.7,0,0.099976,-4.46E-05,0.01
83,1,0.75,0,0.09997,-4.32E-05,0.01
83,1,0.8,0,0.099964,-3.61E-05,0.01
83,1,0.85,0,0.099958,-3.39E-05,0.01
83,1,0.9,0,0.099952,-2.26E-05,0.01
83,1,0.95,0,0.099945,-1.79E-05,0.01
83,1,1,0,0.099939,-3.18E-05,0.01
84,1,0,0,0.10006,-3.18E-05,0.01
84,1,0.05,0,0.10006,-1.79E-05,0.01
84,1,0.1,0,0.10005,-2.25E-05,0.01
84,1,0.15,0,0.10004,-3.38E-05,0.01
84,1,0.2,0,0.10004,-3.60E-05,0.01
84,1,0.25,0,0.10003,-4.31E-05,0.01
84,1,0.3,0,0.10002,-4.45E-05,0.01
84,1,0.35,0,0.10002,-4.83E-05,0.01
84,1,0.4,0,0.10001,-4.94E-05,0.01
84,1,0.45,0,0.10001,-5.07E-05,0.01
84,1,0.5,0,0.1,-5.10E-05,0.01
84,1,0.55,0,0.099994,-5.07E-05,0.01
84,1,0.6,0,0.099988,-4.93E-05,0.01
84,1,0.65,0,0.099982,-4.83E-05,0.01
84,1,0.7,0,0.099976,-4.44E-05,0.01
84,1,0.75,0,0.09997,-4.30E-05,0.01
84,1,0.8,0,0.099964,-3.59E-05,0.01
84,1,0.85,0,0.099958,-3.37E-05,0.01
84,1,0.9,0,0.099952,-2.25E-05,0.01
84,1,0.95,0,0.099945,-1.79E-05,0.01
84,1,1,0,0.099939,-3.18E-05,0.01
85,1,0,0,0.10006,-3.18E-05,0.01
85,1,0.05,0,0.10006,-1.79E-05,0.01
85,1,0.1,0,0.10005,-2.26E-05,0.01
85,1,0.15,0,0.10004,-3.38E-05,0.01
85,1,0.2,0,0.10004,-3.61E-05,0.01
85,1,0.25,0,0.10003,-4.31E-05,0.01
85,1,0.3,0,0.10002,-4.46E-05,0.01
85,1,0.35,0,0.10002,-4.84E-05,0.01
85,1,0.4,0,0.10001,-4.94E-05,0.01
85,1,0.45,0,0.10001,-5.07E-05,0.01
85,1,0.5,0,0.1,-5.10E-05,0.01
85,1,0.55,0,0.099994,-5.07E-05,0.01
85,1,0.6,0,0.099988,-4.93E-05,0.01
85,1,0.65,0,0.099982,-4.82E-05,0.01
85,1,0.7,0,0.099976,-4.44E-05,0.01
85,1,0.75,0,0.09997,-4.29E-05,0.01
85,1,0.8,0,0.099964,-3.59E-05,0.01
85,1,0.85,0,0.099957,-3.36E-05,0.01
85,1,0.9,0,0.099952,-2.25E-05,0.01
85,1,0.95,0,0.099944,-1.78E-05,0.01
85,1,1,0,0.099939,-3.18E-05,0.01
86,1,0,0,0.10006,-3.18E-05,0.01
86,1,0.05,0,0.10006,-1.79E-05,0.01
86,1,0.1,0,0.10005,-2.25E-05,0.01
86,1,0.15,0,0.10004,-3.37E-05,0.01
86,1,0.2,0,0.10004,-3.59E-05,0.01
86,1,0.25,0,0.10003,-4.30E-05,0.01
86,1,0.3,0,0.10002,-4.44E-05,0.01
86,1,0.35,0,0.10002,-4.83E-05,0.01
86,1,0.4,0,0.10001,-4.93E-05,0.01
86,1,0.45,0,0.10001,-5.07E-05,0.01
86,1,0.5,0,0.1,-5.10E-05,0.01
86,1,0.55,0,0.099994,-5.07E-05,0.01
86,1,0.6,0,0.099988,-4.94E-05,0.01
86,1,0.65,0,0.099982,-4.84E-05,0.01
86,1,0.7,0,0.099976,-4.46E-05,0.01
86,1,0.75,0,0.09997,-4.31E-05,0.01
86,1,0.8,0,0.099964,-3.60E-05,0.01
86,1,0.85,0,0.099957,-3.38E-05,0.01
86,1,0.9,0,0.099952,-2.26E-05,0.01
86,1,0.95,0,0.099944,-1.79E-05,0.01
86,1,1,0,0.099939,-3.18E-05,0.01
87,1,0,0,0.10006,-3.18E-05,0.01
87,1,0.05,0,0.10006,-1.79E-05,0.01
87,1,0.1,0,0.10005,-2.25E-05,0.01
87,1,0.15,0,0.10004,-3.37E-05,0.01
87,1,0.2,0,0.10004,-3.59E-05,0.01
87,1,0.25,0,0.10003,-4.30E-05,0.01
87,1,0.3,0,0.10002,-4.44E-05,0.01
87,1,0.35,0,0.10002,-4.83E-05,0.01
87,1,0.4,0,0.10001,-4.93E-05,0.01
87,1,0.45,0,0.10001,-5.07E-05,0.01
87,1,0.5,0,0.1,-5.10E-05,0.01
87,1,0.55,0,0.099994,-5.07E-05,0.01
87,1,0.6,0,0.099988,-4.94E-05,0.01
87,1,0.65,0,0.099982,-4.84E-05,0.01
87,1,0.7,0,0.099976,-4.45E-05,0.01
87,1,0.75,0,0.09997,-4.31E-05,0.01
87,1,0.8,0,0.099964,-3.60E-05,0.01
87,1,0.85,0,0.099957,-3.38E-05,0.01
87,1,0.9,0,0.099952,-2.25E-05,0.01
87,1,0.95,0,0.099944,-1.79E-05,0.01
87,1,1,0,0.099939,-3.18E-05,0.01
88,1,0,0,0.10006,-3.18E-05,0.01
88,1,0.05,0,0.10006,-1.79E-05,0.01
88,1,0.1,0,0.10005,-2.26E-05,0.01
88,1,0.15,0,0.10004,-3.38E-05,0.01
88,1,0.2,0,0.10004,-3.61E-05,0.01
88,1,0.25,0,0.10003,-4.31E-05,0.01
88,1,0.3,0,0.10002,-4.46E-05,0.01
88,1,0.35,0,0.10002,-4.84E-05,0.01
88,1,0.4,0,0.10001,-4.94E-05,0.01
88,1,0.45,0,0.10001,-5.08E-05,0.01
88,1,0.5,0,0.1,-5.10E-05,0.01
88,1,0.55,0,0.099994,-5.07E-05,0.01
88,1,0.6,0,0.099988,-4.93E-05,0.01
88,1,0.65,0,0.099982,-4.83E-05,0.01
88,1,0.7,0,0.099976,-4.44E-05,0.01
88,1,0.75,0,0.09997,-4.29E-05,0.01
88,1,0.8,0,0.099964,-3.59E-05,0.01
88,1,0.85,0,0.099957,-3.37E-05,0.01
88,1,0.9,0,0.099952,-2.25E-05,0.01
88,1,0.95,0,0.099944,-1.78E-05,0.01
88,1,1,0,0.099939,-3.18E-05,0.01
89,1,0,0,0.10006,-3.18E-05,0.01
89,1,0.05,0,0.10006,-1.79E-05,0.01
89,1,0.1,0,0.10005,-2.25E-05,0.01
89,1,0.15,0,0.10004,-3.37E-05,0.01
89,1,0.2,0,0.10004,-3.59E-05,0.01
89,1,0.25,0,0.10003,-4.30E-05,0.01
89,1,0.3,0,0.10002,-4.44E-05,0.01
89,1,0.35,0,0.10002,-4.83E-05,0.01
89,1,0.4,0,0.10001,-4.93E-05,0.01
89,1,0.45,0,0.10001,-5.07E-05,0.01
89,1,0.5,0,0.1,-5.10E-05,0.01
89,1,0.55,0,0.099994,-5.07E-05,0.01
89,1,0.6,0,0.099988,-4.94E-05,0.01
89,1,0.65,0,0.099982,-4.84E-05,0.01
89,1,0.7,0,0.099976,-4.45E-05,0.01
89,1,0.75,0,0.09997,-4.31E-05,0.01
89,1,0.8,0,0.099964,-3.60E-05,0.01
89,1,0.85,0,0.099957,-3.38E-05,0.01
89,1,0.9,0,0.099952,-2.25E-05,0.01
89,1,0.95,0,0.099944,-1.79E-05,0.01
89,1,1,0,0.099939,-3.18E-05,0.01
90,1,0,0,0.10006,-3.18E-05,0.01
90,1,0.05,0,0.10006,-1.79E-05,0.01
90,1,0.1,0,0.10005,-2.25E-05,0.01
90,1,0.15,0,0.10004,-3.37E-05,0.01
90,1,0.2,0,0.10004,-3.59E-05,0.01
90,1,0.25,0,0.10003,-4.30E-05,0.01
90,1,0.3,0,0.10002,-4.44E-05,0.01
90,1,0.35,0,0.10002,-4.83E-05,0.01
90,1,0.4,0,0.10001,-4.93E-05,0.01
90,1,0.45,0,0.10001,-5.07E-05,0.01
90,1,0.5,0,0.1,-5.10E-05,0.01
90,1,0.55,0,0.099994,-5.07E-05,0.01
90,1,0.6,0,0.099988,-4.94E-05,0.01
90,1,0.65,0,0.099982,-4.84E-05,0.01
90,1,0.7,0,0.099976,-4.45E-05,0.01
90,1,0.75,0,0.09997,-4.31E-05,0.01
90,1,0.8,0,0.099964,-3.60E-05,0.01
90,1,0.85,0,0.099957,-3.38E-05,0.01
90,1,0.9,0,0.099952,-2.26E-05,0.01
90,1,0.95,0,0.099944,-1.79E-05,0.01
90,1,1,0,0.099939,-3.18E-05,0.01
91,1,0,0,0.10006,-3.18E-05,0.01
91,1,0.05,0,0.10006,-1.79E-05,0.01
91,1,0.1,0,0.10005,-2.26E-05,0.01
91,1,0.15,0,0.10004,-3.38E-05,0.01
91,1,0.2,0,0.10004,-3.60E-05,0.01
91,1,0.25,0,0.10003,-4.31E-05,0.01
91,1,0.3,0,0.10002,-4.45E-05,0.01
91,1,0.35,0,0.10002,-4.84E-05,0.01
91,1,0.4,0,0.10001,-4.94E-05,0.01
91,1,0.45,0,0.10001,-5.07E-05,0.01
91,1,0.5,0,0.1,-5.10E-05,0.01
91,1,0.55,0,0.099994,-5.07E-05,0.01
91,1,0.6,0,0.099988,-4.93E-05,0.01
91,1,0.65,0,0.099982,-4.83E-05,0.01
91,1,0.7,0,0.099976,-4.44E-05,0.01
91,1,0.75,0,0.09997,-4.30E-05,0.01
91,1,0.8,0,0.099964,-3.59E-05,0.01
91,1,0.85,0,0.099957,-3.37E-05,0.01
91,1,0.9,0,0.099952,-2.25E-05,0.01
91,1,0.95,0,0.099944,-1.79E-05,0.01
91,1,1,0,0.099939,-3.18E-05,0.01
92,1,0,0,0.10006,-3.18E-05,0.01
92,1,0.05,0,0.10006,-1.79E-05,0.01
92,1,0.1,0,0.10005,-2.25E-05,0.01
92,1,0.15,0,0.10004,-3.38E-05,0.01
92,1,0.2,0,0.10004,-3.60E-05,0.01
92,1,0.25,0,0.10003,-4.31E-05,0.01
92,1,0.3,0,0.10002,-4.45E-05,0.01
92,1,0.35,0,0.10002,-4.83E-05,0.01
92,1,0.4,0,0.10001,-4.94E-05,0.01
92,1,0.45,0,0.10001,-5.07E-05,0.01
92,1,0.5,0,0.1,-5.10E-05,0.01
92,1,0.55,0,0.099994,-5.07E-05,0.01
92,1,0.6,0,0.099988,-4.93E-05,0.01
92,1,0.65,0,0.099982,-4.83E-05,0.01
92,1,0.7,0,0.099976,-4.45E-05,0.01
92,1,0.75,0,0.09997,-4.30E-05,0.01
92,1,0.8,0,0.099964,-3.60E-05,0.01
92,1,0.85,0,0.099957,-3.37E-05,0.01
92,1,0.9,0,0.099952,-2.25E-05,0.01
92,1,0.95,0,0.099944,-1.79E-05,0.01
92,1,1,0,0.099939,-3.18E-05,0.01
93,1,0,0,0.10006,-3.18E-05,0.01
93,1,0.05,0,0.10006,-1.79E-05,0.01
93,1,0.1,0,0.10005,-2.25E-05,0.01
93,1,0.15,0,0.10004,-3.37E-05,0.01
93,1,0.2,0,0.10004,-3.59E-05,0.01
93,1,0.25,0,0.10003,-4.30E-05,0.01
93,1,0.3,0,0.10002,-4.44E-05,0.01
93,1,0.35,0,0.10002,-4.83E-05,0.01
93,1,0.4,0,0.10001,-4.93E-05,0.01
93,1,0.45,0,0.10001,-5.07E-05,0.01
93,1,0.5,0,0.1,-5.10E-05,0.01
93,1,0.55,0,0.099994,-5.07E-05,0.01
93,1,0.6,0,0.099988,-4.94E-05,0.01
93,1,0.65,0,0.099982,-4.84E-05,0.01
93,1,0.7,0,0.099976,-4.45E-05,0.01
93,1,0.75,0,0.09997,-4.31E-05,0.01
93,1,0.8,0,0.099964,-3.60E-05,0.01
93,1,0.85,0,0.099957,-3.38E-05,0.01
93,1,0.9,0,0.099952,-2.26E-05,0.01
93,1,0.95,0,0.099944,-1.79E-05,0.01
93,1,1,0,0.099939,-3.18E-05,0.01
94,1,0,0,0.10006,-3.18E-05,0.01
94,1,0.05,0,0.10006,-1.79E-05,0.01
94,1,0.1,0,0.10005,-2.26E-05,0.01
94,1,0.15,0,0.10004,-3.38E-05,0.01
94,1,0.2,0,0.10004,-3.60E-05,0.01
94,1,0.25,0,0.10003,-4.31E-05,0.01
94,1,0.3,0,0.10002,-4.45E-05,0.01
94,1,0.35,0,0.10002,-4.84E-05,0.01
94,1,0.4,0,0.10001,-4.94E-05,0.01
94,1,0.45,0,0.10001,-5.07E-05,0.01
94,1,0.5,0,0.1,-5.10E-05,0.01
94,1,0.55,0,0.099994,-5.07E-05,0.01
94,1,0.6,0,0.099988,-4.93E-05,0.01
94,1,0.65,0,0.099982,-4.83E-05,0.01
94,1,0.7,0,0.099976,-4.44E-05,0.01
94,1,0.75,0,0.09997,-4.30E-05,0.01
94,1,0.8,0,0.099964,-3.59E-05,0.01
94,1,0.85,0,0.099957,-3.37E-05,0.01
94,1,0.9,0,0.099952,-2.25E-05,0.01
94,1,0.95,0,0.099944,-1.79E-05,0.01
94,1,1,0,0.099939,-3.18E-05,0.01
95,1,0,0,0.10006,-3.18E-05,0.01
95,1,0.05,0,0.10006,-1.79E-05,0.01
95,1,0.1,0,0.10005,-2.25E-05,0.01
95,1,0.15,0,0.10004,-3.38E-05,0.01
95,1,0.2,0,0.10004,-3.60E-05,0.01
95,1,0.25,0,0.10003,-4.31E-05,0.01
95,1,0.3,0,0.10002,-4.45E-05,0.01
95,1,0.35,0,0.10002,-4.84E-05,0.01
95,1,0.4,0,0.10001,-4.94E-05,0.01
95,1,0.45,0,0.10001,-5.07E-05,0.01
95,1,0.5,0,0.1,-5.10E-05,0.01
95,1,0.55,0,0.099994,-5.07E-05,0.01
95,1,0.6,0,0.099988,-4.93E-05,0.01
95,1,0.65,0,0.099982,-4.83E-05,0.01
95,1,0.7,0,0.099976,-4.44E-05,0.01
95,1,0.75,0,0.09997,-4.30E-05,0.01
95,1,0.8,0,0.099964,-3.59E-05,0.01
95,1,0.85,0,0.099957,-3.37E-05,0.01
95,1,0.9,0,0.099952,-2.25E-05,0.01
95,1,0.95,0,0.099944,-1.79E-05,0.01
95,1,1,0,0.099939,-3.18E-05,0.01
96,1,0,0,0.10006,-3.18E-05,0.01
96,1,0.05,0,0.10006,-1.79E-05,0.01
96,1,0.1,0,0.10005,-2.25E-05,0.01
96,1,0.15,0,0.10004,-3.37E-05,0.01
96,1,0.2,0,0.10004,-3.59E-05,0.01
96,1,0.25,0,0.10003,-4.30E-05,0.01
96,1,0.3,0,0.10002,-4.44E-05,0.01
96,1,0.35,0,0.10002,-4.83E-05,0.01
96,1,0.4,0,0.10001,-4.93E-05,0.01
96,1,0.45,0,0.10001,-5.07E-05,0.01
96,1,0.5,0,0.1,-5.10E-05,0.01
96,1,0.55,0,0.099994,-5.07E-05,0.01
96,1,0.6,0,0.099988,-4.94E-05,0.01
96,1,0.65,0,0.099982,-4.84E-05,0.01
96,1,0.7,0,0.099976,-4.45E-05,0.01
96,1,0.75,0,0.09997,-4.31E-05,0.01
96,1,0.8,0,0.099964,-3.60E-05,0.01
96,1,0.85,0,0.099957,-3.38E-05,0.01
96,1,0.9,0,0.099952,-2.25E-05,0.01
96,1,0.95,0,0.099944,-1.79E-05,0.01
96,1,1,0,0.099939,-3.18E-05,0.01
97,1,0,0,0.10006,-3.18E-05,0.01
97,1,0.05,0,0.10006,-1.79E-05,0.01
97,1,0.1,0,0.10005,-2.25E-05,0.01
97,1,0.15,0,0.10004,-3.37E-05,0.01
97,1,0.2,0,0.10004,-3.60E-05,0.01
97,1,0.25,0,0.10003,-4.30E-05,0.01
97,1,0.3,0,0.10002,-4.45E-05,0.01
97,1,0.35,0,0.10002,-4.83E-05,0.01
97,1,0.4,0,0.10001,-4.94E-05,0.01
97,1,0.45,0,0.10001,-5.07E-05,0.01
97,1,0.5,0,0.1,-5.10E-05,0.01
97,1,0.55,0,0.099994,-5.07E-05,0.01
97,1,0.6,0,0.099988,-4.94E-05,0.01
97,1,0.65,0,0.099982,-4.83E-05,0.01
97,1,0.7,0,0.099976,-4.45E-05,0.01
97,1,0.75,0,0.09997,-4.30E-05,0.01
97,1,0.8,0,0.099964,-3.60E-05,0.01
97,1,0.85,0,0.099957,-3.37E-05,0.01
97,1,0.9,0,0.099952,-2.25E-05,0.01
97,1,0.95,0,0.099944,-1.79E-05,0.01
97,1,1,0,0.099939,-3.18E-05,0.01
98,1,0,0,0.10006,-3.18E-05,0.01
98,1,0.05,0,0.10006,-1.79E-05,0.01
98,1,0.1,0,0.10005,-2.26E-05,0.01
98,1,0.15,0,0.10004,-3.38E-05,0.01
98,1,0.2,0,0.10004,-3.60E-05,0.01
98,1,0.25,0,0.10003,-4.31E-05,0.01
98,1,0.3,0,0.10002,-4.45E-05,0.01
98,1,0.35,0,0.10002,-4.84E-05,0.01
98,1,0.4,0,0.10001,-4.94E-05,0.01
98,1,0.45,0,0.10001,-5.07E-05,0.01
98,1,0.5,0,0.1,-5.10E-05,0.01
98,1,0.55,0,0.099994,-5.07E-05,0.01
98,1,0.6,0,0.099988,-4.93E-05,0.01
98,1,0.65,0,0.099982,-4.83E-05,0.01
98,1,0.7,0,0.099976,-4.44E-05,0.01
98,1,0.75,0,0.09997,-4.30E-05,0.01
98,1,0.8,0,0.099964,-3.59E-05,0.01
98,1,0.85,0,0.099957,-3.37E-05,0.01
98,1,0.9,0,0.099952,-2.25E-05,0.01
98,1,0.95,0,0.099944,-1.79E-05,0.01
98,1,1,0,0.099939,-3.18E-05,0.01
99,1,0,0,0.10006,-3.18E-05,0.01
99,1,0.05,0,0.10006,-1.79E-05,0.01
99,1,0.1,0,0.10005,-2.25E-05,0.01
99,1,0.15,0,0.10004,-3.37E-05,0.01
99,1,0.2,0,0.10004,-3.60E-05,0.01
99,1,0.25,0,0.10003,-4.30E-05,0.01
99,1,0.3,0,0.10002,-4.45E-05,0.01
99,1,0.35,0,0.10002,-4.83E-05,0.01
99,1,0.4,0,0.10001,-4.94E-05,0.01
99,1,0.45,0,0.10001,-5.07E-05,0.01
99,1,0.5,0,0.1,-5.10E-05,0.01
99,1,0.55,0,0.099994,-5.07E-05,0.01
99,1,0.6,0,0.099988,-4.94E-05,0.01
99,1,0.65,0,0.099982,-4.83E-05,0.01
99,1,0.7,0,0.099976,-4.45E-05,0.01
99,1,0.75,0,0.09997,-4.31E-05,0.01
99,1,0.8,0,0.099964,-3.60E-05,0.01
99,1,0.85,0,0.099957,-3.38E-05,0.01
99,1,0.9,0,0.099952,-2.25E-05,0.01
99,1,0.95,0,0.099944,-1.79E-05,0.01
99,1,1,0,0.099939,-3.18E-05,0.01
100,1,0,0,0.10006,-3.18E-05,0.01
100,1,0.05,0,0.10006,-1.79E-05,0.01
100,1,0.1,0,0.10005,-2.25E-05,0.01
100,1,0.15,0,0.10004,-3.37E-05,0.01
100,1,0.2,0,0.10004,-3.60E-05,0.01
100,1,0.25,0,0.10003,-4.30E-05,0.01
100,1,0.3,0,0.10002,-4.45E-05,0.01
100,1,0.35,0,0.10002,-4.83E-05,0.01
100,1,0.4,0,0.10001,-4.94E-05,0.01
100,1,0.45,0,0.10001,-5.07E-05,0.01
100,1,0.5,0,0.1,-5.10E-05,0.01
100,1,0.55,0,0.099994,-5.07E-05,0.01
100,1,0.6,0,0.099988,-4.94E-05,0.01
100,1,0.65,0,0.099982,-4.83E-05,0.01
100,1,0.7,0,0.099976,-4.45E-05,0.01
100,1,0.75,0,0.09997,-4.30E-05,0.01
100,1,0.8,0,0.099964,-3.60E-05,0.01
100,1,0.85,0,0.099957,-3.38E-05,0.01
100,1,0.9,0,0.099952,-2.25E-05,0.01
100,1,0.95,0,0.099944,-1.79E-05,0.01
100,1,1,0,0.099939,-3.18E-05,0.01